"site","Anthropophony","Biophony","Quiet","Geophony","Interference","RoadDist","YY","DOY","Recorder","n_min","n_mel","LULC"
"s2lam001_180526",278,9283,3714,1019,2025,660.45299070184,18,146,"am",702,21060,"Shrub"
"s2lam001_180604",1396,1129,3991,7054,1253,1412.48404642263,18,155,"am",715,21450,"Riparian/Wetland"
"s2lam001_180707",819,2788,668,595,680,95.349291458648,18,188,"am",362,10860,"Herbaceous"
"s2lam001_190401",7431,2264,44,114,1034,98.2493155337631,19,91,"am",462,13860,"Agriculture/Barren"
"s2lam001_190409",724,5608,8,245,1131,180.001399311402,19,99,"am",308,9240,"Riparian/Wetland"
"s2lam001_190416",3845,3886,591,245,3364,258.488973421387,19,106,"am",596,17880,"Herbaceous"
"s2lam001_190520",256,2789,1438,2515,1035,51.0654021769721,19,140,"am",420,12600,"Conifer Forest"
"s2lam001_200616",175,2057,2679,744,556,183.918000112534,20,168,"am",305,9150,"Oak Forest"
"s2lam001_200702",745,2698,3384,2714,777,178.400189032505,20,184,"am",568,17040,"Oak Forest"
"s2lam002_180707",297,26,4,51,0,117.179017900635,18,188,"am",41,1230,"Conifer Forest"
"s2lam002_190304",601,1169,1057,5153,1401,164.231706577501,19,63,"am",580,17400,"Shrub"
"s2lam002_190329",2353,3339,747,276,46,21.9352974324662,19,88,"am",422,12660,"Urban/Developed"
"s2lam002_190406",1242,4620,2262,589,2392,115.28232114736,19,96,"am",564,16920,"Herbaceous"
"s2lam002_190413",1125,2342,8227,1128,1012,1140.70662088838,19,103,"am",749,22470,"Conifer Forest"
"s2lam002_190524",2834,2161,3130,250,393,54.8529924042755,19,144,"am",434,13020,"Urban/Developed"
"s2lam002_190604",902,4886,2939,205,190,754.466322016831,19,155,"am",435,13050,"Oak Forest"
"s2lam002_190614",549,2953,10730,119,62,143.889422026721,19,165,"am",575,17250,"Conifer Forest"
"s2lam002_190621",214,4084,199,867,49,106.639936787406,19,172,"am",426,12780,"Conifer Forest"
"s2lam002_200522",393,14245,960,289,10915,291.035027266586,20,143,"am",877,26310,"Herbaceous"
"s2lam002_200616",622,3017,7869,813,2594,39.4334953059186,20,168,"am",712,21360,"Herbaceous"
"s2lam002_200630",373,4093,4396,522,971,64.8229590717051,20,182,"am",428,12840,"Herbaceous"
"s2lam003_180604",201,427,16173,304,31,942.205202126895,18,155,"am",713,21390,"Conifer Forest"
"s2lam003_180707",701,1514,1628,7306,36,90.342023701565,18,188,"am",994,29820,"Conifer Forest"
"s2lam003_190304",591,489,4345,3246,1062,240.379790036004,19,63,"am",574,17220,"Shrub"
"s2lam003_190406",683,3379,7255,257,57,201.573067974995,19,96,"am",567,17010,"Oak Forest"
"s2lam003_190413",497,1148,13248,1206,620,703.716203914182,19,103,"am",757,22710,"Conifer Forest"
"s2lam003_190510",666,1909,437,1173,893,488.593244456372,19,130,"am",580,17400,"Riparian/Wetland"
"s2lam003_190523",1521,5318,2600,605,810,33.3508390172916,19,143,"am",661,19830,"Urban/Developed"
"s2lam003_190601",417,2455,4793,2859,3969,123.257130159186,19,152,"am",666,19980,"Conifer Forest"
"s2lam003_190610",271,1058,7482,139,2505,663.071761526842,19,161,"am",424,12720,"Oak Forest"
"s2lam003_190623",75,1702,6486,294,21,381.540045076437,19,174,"am",430,12900,"Conifer Forest"
"s2lam003_200522",579,8441,10654,373,739,543.768007495178,20,143,"am",855,25650,"Conifer Forest"
"s2lam003_200616",313,1769,12461,626,643,132.347105715313,20,168,"am",707,21210,"Oak Forest"
"s2lam003_200702",437,1265,4853,880,5262,514.465112336118,20,184,"am",569,17070,"Oak Forest"
"s2lam005_180604",781,1090,144,7915,2825,1212.90722173946,18,155,"am",715,21450,"Herbaceous"
"s2lam005_180707",7745,3048,447,5681,301,69.8973764792529,18,188,"am",989,29670,"Herbaceous"
"s2lam005_190304",842,1123,86,6505,313,68.0711461442255,19,63,"am",578,17340,"Oak Forest"
"s2lam006_180604",94,9809,5075,159,143,11.288778603178,18,155,"am",704,21120,"Oak Forest"
"s2lam006_180707",234,529,26530,43,15,250.181875201458,18,188,"am",1004,30120,"Conifer Forest"
"s2lam006_190311",2279,5940,242,362,1031,58.7427088283355,19,70,"am",461,13830,"Herbaceous"
"s2lam006_190324",646,1173,3,15835,197,19.3396802962491,19,83,"am",1110,33300,"Urban/Developed"
"s2lam006_190410",3203,6899,4290,987,207,22.0597347534438,19,100,"am",974,29220,"Urban/Developed"
"s2lam006_190421",1320,1444,120,1522,1726,38.7797503574562,19,111,"am",520,15600,"Herbaceous"
"s2lam006_190602",74,2053,6037,1305,254,60.7351629773032,19,153,"am",532,15960,"Conifer Forest"
"s2lam006_190610",374,2611,3899,257,2918,187.333695271478,19,161,"am",427,12810,"Conifer Forest"
"s2lam006_200522",545,7359,4246,1935,2832,364.083140660329,20,143,"am",857,25710,"Conifer Forest"
"s2lam006_200708",4532,5311,1019,114,526,1049.50781479772,20,190,"am",565,16950,"Herbaceous"
"s2lam007_180702",1819,6003,2835,332,1027,130.297104741795,18,183,"am",569,17070,"Herbaceous"
"s2lam007_180707",5838,2708,325,2744,425,130.381192861138,18,188,"am",973,29190,"Herbaceous"
"s2lam007_190304",607,2187,150,6575,1111,293.082109139869,19,63,"am",578,17340,"Conifer Forest"
"s2lam007_190403",283,3175,2348,2957,4491,104.175366167387,19,93,"am",576,17280,"Herbaceous"
"s2lam007_190419",709,6331,29,2254,5137,133.902570245826,19,109,"am",715,21450,"Herbaceous"
"s2lam007_190510",3740,5575,3184,340,2505,52.9011864513865,19,130,"am",721,21630,"Herbaceous"
"s2lam007_190530",1778,6380,6580,134,878,50.0250208627863,19,150,"am",708,21240,"Conifer Forest"
"s2lam007_190605",1505,80,82,3929,7497,512.598823359557,19,156,"am",598,17940,"Agriculture/Barren"
"s2lam007_190614",1010,4606,7964,14,69,113.093411979271,19,165,"am",568,17040,"Conifer Forest"
"s2lam007_190627",81,2708,2396,185,3868,1375.35628428709,19,178,"am",434,13020,"Oak Forest"
"s2lam008_180612",630,12713,8114,3651,5430,1045.19307101499,18,163,"am",1284,38520,"Oak Forest"
"s2lam008_180707",1894,2200,3998,2322,1211,138.388880554806,18,188,"am",997,29910,"Conifer Forest"
"s2lam008_190311",1611,5808,92,852,2639,109.423577654979,19,70,"am",459,13770,"Herbaceous"
"s2lam008_190401",8423,415,43,303,1790,147.910781273874,19,91,"am",463,13890,"Agriculture/Barren"
"s2lam008_190422",333,2293,2242,1049,5355,152.366106401144,19,112,"am",459,13770,"Shrub"
"s2lam008_190528",181,6306,107,940,2760,48.3128606891579,19,148,"am",417,12510,"Herbaceous"
"s2lam008_190611",4138,4259,793,434,107,34.9208577039676,19,162,"am",688,20640,"Oak Forest"
"s2lam008_200522",500,10969,1026,1963,4830,801.330031315899,20,143,"am",857,25710,"Herbaceous"
"s2lam008_200616",248,7677,2583,1481,735,185.781951616755,20,168,"am",707,21210,"Oak Forest"
"s2lam008_200702",419,2521,5374,1397,1700,355.449232368469,20,184,"am",570,17100,"Oak Forest"
"s2lam009_180604",301,3608,8950,1422,90,1532.44138945569,18,155,"am",711,21330,"Conifer Forest"
"s2lam009_180707",2084,7162,182,5140,246,149.205748799852,18,188,"am",1001,30030,"Conifer Forest"
"s2lam009_190312",414,832,0,1191,82,208.575734341734,19,71,"am",426,12780,"Conifer Forest"
"s2lam009_190403",394,3978,587,2147,2846,74.4652458854687,19,93,"am",574,17220,"Herbaceous"
"s2lam010_180604",109,799,2654,61,43,186.093288656868,18,155,"am",158,4740,"Conifer Forest"
"s2lam010_180707",2155,5962,5317,4676,879,45.4394209515557,18,188,"am",1329,39870,"Herbaceous"
"s2lam010_190311",2076,500,0,48,766,191.151896055927,19,70,"am",145,4350,"Herbaceous"
"s2lam010_190324",355,1232,2158,7984,1764,590.212965384353,19,83,"am",879,26370,"Conifer Forest"
"s2lam010_190406",327,86,3550,6892,2144,141.438601171056,19,96,"am",564,16920,"Oak Forest"
"s2lam010_190416",302,1185,9000,2206,1575,78.0467346294622,19,106,"am",600,18000,"Shrub"
"s2lam010_200710",159,1132,11097,159,95,3075.51167319424,20,192,"am",527,15810,"Conifer Forest"
"s2lam011_180604",437,842,7920,3472,4132,745.02296940916,18,155,"am",698,20940,"Herbaceous"
"s2lam011_180707",517,9880,12364,391,148,75.775871143162,18,188,"am",992,29760,"Conifer Forest"
"s2lam011_190311",1930,5839,13,594,2586,233.548414248694,19,70,"am",456,13680,"Herbaceous"
"s2lam011_190324",157,1534,593,12078,1261,564.434277304799,19,83,"am",880,26400,"Conifer Forest"
"s2lam011_190407",1457,3972,4097,1578,1417,252.16485104422,19,97,"am",596,17880,"Herbaceous"
"s2lam011_190416",1730,10580,675,251,236,266.808467745285,19,106,"am",596,17880,"Herbaceous"
"s2lam011_190510",319,1209,10446,509,134,126.049842514424,19,130,"am",577,17310,"Conifer Forest"
"s2lam011_190520",591,1592,2813,1877,591,223.67922810405,19,140,"am",425,12750,"Conifer Forest"
"s2lam011_190529",1051,2753,5455,578,1357,1629.83997033794,19,149,"am",567,17010,"Herbaceous"
"s2lam011_190604",2820,2499,1761,358,201,291.983233182307,19,155,"am",446,13380,"Oak Forest"
"s2lam011_200522",1704,6007,12370,127,282,495.393891270569,20,143,"am",854,25620,"Conifer Forest"
"s2lam011_200624",470,2895,3153,684,462,177.099587506987,20,176,"am",403,12090,"Conifer Forest"
"s2lam011_200710",143,2368,8005,638,1115,2285.23474859971,20,192,"am",568,17040,"Oak Forest"
"s2lam012_180624",2837,2635,6266,838,2082,510.501208647126,18,175,"am",870,26100,"Conifer Forest"
"s2lam012_180702",1639,9367,2943,66,259,48.3098819071158,18,183,"am",570,17100,"Herbaceous"
"s2lam012_180707",281,6221,121,17074,49,83.4407154446652,18,188,"am",992,29760,"Conifer Forest"
"s2lam012_190311",3396,2482,68,306,3968,134.191022090039,19,70,"am",458,13740,"Herbaceous"
"s2lam012_190326",2031,2585,1187,1744,4950,229.637729842653,19,85,"am",572,17160,"Oak Forest"
"s2lam012_190402",312,2271,152,11429,2497,70.7423142958192,19,92,"am",711,21330,"Oak Forest"
"s2lam012_190419",1388,97,48,7160,9405,377.159887752513,19,109,"am",698,20940,"Herbaceous"
"s2lam013_180624",2086,1994,12276,273,298,140.123017658503,18,175,"am",865,25950,"Oak Forest"
"s2lam013_180702",1884,5517,5699,46,158,9.97131873698305,18,183,"am",565,16950,"Herbaceous"
"s2lam013_180707",3327,1387,7977,1794,722,119.742867820369,18,188,"am",985,29550,"Shrub"
"s2lam013_190311",2188,2991,17,396,5722,292.552702166361,19,70,"am",455,13650,"Herbaceous"
"s2lam013_190324",140,399,0,13416,151,373.149615425244,19,83,"am",881,26430,"Conifer Forest"
"s2lam013_190419",798,3599,2275,902,63,784.820658048323,19,109,"am",702,21060,"Conifer Forest"
"s2lam013_200522",348,14602,4715,458,273,1165.07301641845,20,143,"am",856,25680,"Oak Forest"
"s2lam013_200616",322,5690,5768,297,214,155.217283624849,20,168,"am",703,21090,"Oak Forest"
"s2lam013_200702",285,851,8804,836,686,231.931033003354,20,184,"am",571,17130,"Oak Forest"
"s2lam014_180604",186,7304,140,1383,233,1342.08526091656,18,155,"am",712,21360,"Conifer Forest"
"s2lam014_180707",4975,1267,7,4599,40,67.5478441502955,18,188,"am",1004,30120,"Conifer Forest"
"s2lam014_190315",2920,3845,1008,473,601,142.579837072999,19,74,"am",590,17700,"Oak Forest"
"s2lam014_190402",345,840,189,11571,1480,231.05479731537,19,92,"am",722,21660,"Conifer Forest"
"s2lam014_190414",720,7214,6360,1480,1514,426.635114914148,19,104,"am",709,21270,"Oak Forest"
"s2lam014_190428",1147,2181,1576,446,2539,350.992952701584,19,118,"am",430,12900,"Oak Forest"
"s2lam014_190513",591,6878,4017,9188,1992,19.2393021410286,19,133,"am",997,29910,"Conifer Forest"
"s2lam015_180707",1697,3511,3130,1016,118,50.4789694232624,18,188,"am",989,29670,"Conifer Forest"
"s2lam015_190311",4026,2256,33,335,3289,123.402296849159,19,70,"am",454,13620,"Herbaceous"
"s2lam015_190324",371,2340,1413,9409,2418,874.448640251802,19,83,"am",878,26340,"Conifer Forest"
"s2lam015_190402",433,2705,1082,9852,1907,216.548428869416,19,92,"am",723,21690,"Conifer Forest"
"s2lam015_190409",957,5594,2,220,1427,146.894858694432,19,99,"am",307,9210,"Riparian/Wetland"
"s2lam015_190418",220,2026,1584,386,3115,153.459260673814,19,108,"am",299,8970,"Oak Forest"
"s2lam015_190427",121,3588,2333,688,1359,61.6846925319418,19,117,"am",423,12690,"Shrub"
"s2lam015_190612",874,4762,6325,75,227,46.2954751546951,19,163,"am",553,16590,"Conifer Forest"
"s2lam015_200522",316,12570,1830,2356,2767,418.651294736008,20,143,"am",857,25710,"Conifer Forest"
"s2lam015_200603",1099,7469,3276,810,12890,492.173424697986,20,155,"am",1007,30210,"Conifer Forest"
"s2lam016_180707",4032,3869,1324,2663,52,63.300683435941,18,188,"am",968,29040,"Conifer Forest"
"s2lam016_190312",197,614,1,1259,210,271.118260397199,19,71,"am",428,12840,"Conifer Forest"
"s2lam016_190326",2500,3672,1918,1273,523,178.875452373574,19,85,"am",583,17490,"Oak Forest"
"s2lam016_190402",63,728,1,3033,13,302.450617463755,19,92,"am",248,7440,"Conifer Forest"
"s2lam016_190617",858,4217,1450,724,90,167.195685010869,19,168,"am",437,13110,"Conifer Forest"
"s2lam016_190627",111,3506,1584,766,275,1001.37401793843,19,178,"am",420,12600,"Oak Forest"
"s2lam016_200522",1644,9693,4792,701,1125,122.273129864292,20,143,"am",872,26160,"Conifer Forest"
"s2lam016_200610",678,21906,108,1452,25537,504.399494329278,20,162,"am",1706,51180,"Oak Forest"
"s2lam016_200701",983,2938,2106,1327,4153,155.001484640897,20,183,"am",579,17370,"Herbaceous"
"s2lam017_180702",1786,8762,2207,198,694,26.6184238021153,18,183,"am",570,17100,"Herbaceous"
"s2lam017_180707",1284,1786,2743,7324,268,334.653365313265,18,188,"am",980,29400,"Conifer Forest"
"s2lam017_190311",2902,2591,150,636,3195,207.747473170872,19,70,"am",450,13500,"Herbaceous"
"s2lam017_200701",288,4563,3467,2159,608,236.501170225757,20,183,"am",564,16920,"Shrub"
"s2lam018_180612",2137,13767,7463,2059,3667,176.394455863862,18,163,"am",1277,38310,"Herbaceous"
"s2lam018_180707",436,3122,11908,2056,267,171.00504023082,18,188,"am",989,29670,"Conifer Forest"
"s2lam018_190312",631,1457,2174,631,1059,67.8155628520411,19,71,"am",425,12750,"Shrub"
"s2lam018_190326",926,834,180,3010,1680,195.06260357913,19,85,"am",574,17220,"Conifer Forest"
"s2lam018_190402",158,1432,9411,5635,1734,240.120869018768,19,92,"am",721,21630,"Conifer Forest"
"s2lam018_190412",474,582,117,198,15328,572.593133749674,19,102,"am",582,17460,"Riparian/Wetland"
"s2lam018_190506",211,171,75,23,13401,182.256289837717,19,126,"am",460,13800,"Herbaceous"
"s2lam018_190517",655,0,0,11,25940,330.150628992991,19,137,"am",865,25950,"Herbaceous"
"s2lam019_180707",484,3653,6148,3726,74,279.399939939868,18,188,"am",981,29430,"Conifer Forest"
"s2lam019_190311",1962,5132,11,622,4446,222.320383666712,19,70,"am",460,13800,"Herbaceous"
"s2lam019_190402",213,1730,1865,9669,2895,114.890017087803,19,92,"am",707,21210,"Herbaceous"
"s2lam019_190414",1605,7075,5556,916,1800,209.85242951746,19,104,"am",710,21300,"Oak Forest"
"s2lam019_190428",394,4590,1992,395,263,406.834842193205,19,118,"am",431,12930,"Oak Forest"
"s2lam019_190513",584,4864,4332,8993,1841,34.3084164980667,19,133,"am",1025,30750,"Conifer Forest"
"s2lam019_190522",1124,10562,156,2830,1089,111.906468852511,19,142,"am",854,25620,"Herbaceous"
"s2lam019_190603",2520,6662,789,294,1681,79.7709789492594,19,154,"am",562,16860,"Oak Forest"
"s2lam019_200522",611,13587,1795,1053,310,1353.63521213723,20,143,"am",852,25560,"Conifer Forest"
"s2lam019_200624",78,1687,6507,264,193,166.224703297733,20,176,"am",416,12480,"Conifer Forest"
"s2lam019_200710",147,1235,8789,209,64,2901.68206963522,20,192,"am",530,15900,"Oak Forest"
"s2lam020_190529",713,4444,2800,776,131,1239.35694122725,19,149,"am",550,16500,"Oak Forest"
"s2lam020_190607",478,404,4177,1420,4217,439.93937081797,19,158,"am",464,13920,"Herbaceous"
"s2lam020_200616",242,5773,2529,1669,223,1074.03915648115,20,168,"am",722,21660,"Conifer Forest"
"s2lam020_200630",320,2495,3140,470,3602,89.8722133175914,20,182,"am",427,12810,"Herbaceous"
"s2lam021_180707",6946,6164,1921,498,704,115.228813908854,18,188,"am",997,29910,"Herbaceous"
"s2lam021_190315",2869,8840,77,95,1177,101.412801737213,19,74,"am",590,17700,"Herbaceous"
"s2lam021_190611",705,7524,4248,174,26,148.556841232808,19,162,"am",566,16980,"Oak Forest"
"s2lam021_190621",669,3314,2442,157,2996,1005.16055972941,19,172,"am",459,13770,"Conifer Forest"
"s2lam021_200522",885,13335,449,945,8773,973.40510349342,20,143,"am",854,25620,"Herbaceous"
"s2lam021_200617",37,5120,2959,327,351,60.7769814705227,20,169,"am",422,12660,"Oak Forest"
"s2lam021_200624",119,2687,2814,1186,115,260.729341644491,20,176,"am",408,12240,"Conifer Forest"
"s2lam021_200710",135,1281,8947,633,357,2590.31968653833,20,192,"am",572,17160,"Conifer Forest"
"s2lam022_190319",4983,8063,31,355,6286,535.875332655544,19,78,"am",847,25410,"Herbaceous"
"s2lam022_190412",357,560,1564,610,7074,492.29692326244,19,102,"am",429,12870,"Oak Forest"
"s2lam022_190422",306,4016,4889,239,926,272.851701210053,19,112,"am",459,13770,"Conifer Forest"
"s2lam022_190527",771,8411,75,1693,97,279.812975990292,19,147,"am",751,22530,"Conifer Forest"
"s2lam022_190617",2402,4627,1779,130,220,132.837366462591,19,168,"am",456,13680,"Oak Forest"
"s2lam022_200522",404,9351,10115,398,1202,452.086664178251,20,143,"am",875,26250,"Oak Forest"
"s2lam022_200616",216,1177,13048,724,1871,225.43445231208,20,168,"am",703,21090,"Herbaceous"
"s2lam022_200630",79,389,10434,155,383,41.6237805290357,20,182,"am",425,12750,"Shrub"
"s2lam023_190319",1284,512,42,724,1287,243.77515145407,19,78,"am",170,5100,"Herbaceous"
"s2lam023_190419",661,4984,2866,734,1258,868.070658798676,19,109,"am",702,21060,"Conifer Forest"
"s2lam023_190506",210,7179,3876,194,211,387.122550347825,19,126,"am",461,13830,"Conifer Forest"
"s2lam023_190521",10631,28625,2047,344,138,466.431525742704,19,141,"am",1854,55620,"Oak Forest"
"s2lam023_190605",292,3558,3022,1225,81,1028.25322209721,19,156,"am",587,17610,"Conifer Forest"
"s2lam023_190617",227,4527,1652,344,3039,187.78927860867,19,168,"am",436,13080,"Conifer Forest"
"s2lam023_190627",155,127,0,8842,50,743.507231559773,19,178,"am",433,12990,"Conifer Forest"
"s2lam023_200701",1029,2922,2650,690,3629,70.4820069420822,20,183,"am",567,17010,"Agriculture/Barren"
"s2lam024_190319",2547,7293,136,883,11189,441.113741206753,19,78,"am",842,25260,"Herbaceous"
"s2lam024_190411",2402,6449,1068,344,2627,18.2801898053868,19,101,"am",568,17040,"Herbaceous"
"s2lam024_190427",182,773,0,10490,105,73.1537795381987,19,117,"am",436,13080,"Oak Forest"
"s2lam024_190513",492,5088,3865,7403,5979,89.8252609814734,19,133,"am",1026,30780,"Conifer Forest"
"s2lam024_190522",617,10920,5002,610,5210,393.123605213632,19,142,"am",856,25680,"Oak Forest"
"s2lam024_190603",6220,2925,1662,272,507,73.3439986386781,19,154,"am",561,16830,"Oak Forest"
"s2lam024_190623",1520,5548,930,1450,1389,30.0603839201542,19,174,"am",604,18120,"Urban/Developed"
"s2lam024_200522",612,14828,1172,405,6037,943.900101137507,20,143,"am",858,25740,"Oak Forest"
"s2lam024_200603",413,12627,3843,747,8013,887.591543518616,20,155,"am",1002,30060,"Oak Forest"
"s2lam024_200623",70,1610,1237,44,561,66.2168238806251,20,175,"am",132,3960,"Herbaceous"
"s2lam024_200710",138,5498,1264,1172,3637,2458.35035607752,20,192,"am",566,16980,"Herbaceous"
"s2lam025_190319",8057,1678,9,326,10512,231.998234831523,19,78,"am",850,25500,"Herbaceous"
"s2lam025_190411",2485,6849,1739,107,313,41.9716860817526,19,101,"am",567,17010,"Oak Forest"
"s2lam025_190428",693,2037,6541,56,237,891.345848039653,19,118,"am",433,12990,"Oak Forest"
"s2lam025_190513",229,5731,4229,10199,2699,82.7715261235728,19,133,"am",1024,30720,"Conifer Forest"
"s2lam025_190522",1558,9964,3586,1040,1610,183.689504911586,19,142,"am",851,25530,"Oak Forest"
"s2lam025_190603",826,6519,3638,418,2201,147.541905695946,19,154,"am",567,17010,"Herbaceous"
"s2lam025_190617",116,4265,1091,612,4925,253.291501726944,19,168,"am",431,12930,"Shrub"
"s2lam025_190627",54,2594,4564,177,1181,1519.23268701107,19,178,"am",433,12990,"Conifer Forest"
"s2lam025_200528",269,19262,1660,531,1476,2254.79670582589,20,149,"am",867,26010,"Oak Forest"
"s2lam026_190421",1911,7231,6262,337,463,105.881825705189,19,111,"am",733,21990,"Oak Forest"
"s2lam026_190505",79,140,626,223,885,160.386906551578,19,125,"am",106,3180,"Herbaceous"
"s2lam026_190528",755,4548,2035,640,554,88.8156600232505,19,148,"am",434,13020,"Oak Forest"
"s2lam026_200522",192,6056,2692,188,78,399.036283867686,20,143,"am",389,11670,"Oak Forest"
"s2lam026_200616",186,2436,3981,517,1655,263.392421569168,20,168,"am",389,11670,"Oak Forest"
"s2lam026_200702",184,533,2340,370,7704,313.982092489163,20,184,"am",389,11670,"Oak Forest"
"s2lam027_190421",2658,5545,2202,710,2684,127.128146750612,19,111,"am",738,22140,"Oak Forest"
"s2lam027_190614",640,5151,6017,120,396,173.478168540824,19,165,"am",571,17130,"Conifer Forest"
"s2lam027_200522",855,15980,1091,189,6314,80.7603588859854,20,143,"am",851,25530,"Conifer Forest"
"s2lam027_200616",348,4429,6524,1046,4127,261.707814759459,20,168,"am",692,20760,"Oak Forest"
"s2lam027_200630",136,1355,6272,577,2234,70.1531353512066,20,182,"am",422,12660,"Conifer Forest"
"s2lam028_190405",2144,5517,1435,506,614,210.201568013614,19,95,"am",568,17040,"Oak Forest"
"s2lam028_190412",5519,3419,529,543,1080,376.176383399902,19,102,"am",581,17430,"Riparian/Wetland"
"s2lam028_190421",1906,6782,5396,168,626,56.7983847911416,19,111,"am",733,21990,"Oak Forest"
"s2lam028_190602",58,9178,1736,1499,293,46.268237021957,19,153,"am",575,17250,"Conifer Forest"
"s2lam028_190610",490,3277,3357,162,864,811.386797152302,19,161,"am",426,12780,"Oak Forest"
"s2lam028_190623",921,3791,189,1284,316,44.5660036980359,19,174,"am",419,12570,"Conifer Forest"
"s2lam029_190506",156,7397,1052,1230,866,299.782866180459,19,126,"am",457,13710,"Conifer Forest"
"s2lam029_190520",469,1697,887,847,4597,79.9682170150271,19,140,"am",421,12630,"Herbaceous"
"s2lam029_190529",929,2546,5729,618,2909,1456.28037544135,19,149,"am",559,16770,"Oak Forest"
"s2lam029_190604",976,6427,722,292,796,421.523913321574,19,155,"am",425,12750,"Oak Forest"
"s2lam029_190612",2315,2439,3412,194,791,62.2802631646748,19,163,"am",441,13230,"Oak Forest"
"s2lam029_200701",409,7208,665,380,6183,173.342326469359,20,183,"am",566,16980,"Herbaceous"
"s2lam030_190421",4955,7751,7458,1515,538,334.144936358911,19,111,"am",1299,38970,"Conifer Forest"
"s2lam030_190527",2668,4823,1382,1300,363,45.1722716507463,19,147,"am",584,17520,"Herbaceous"
"s2lam031_190411",2828,5667,1393,150,102,18.4723032686408,19,101,"am",566,16980,"Herbaceous"
"s2lam031_190506",128,2953,1981,340,7031,314.949174786607,19,126,"am",460,13800,"Herbaceous"
"s2lam031_190520",340,891,667,1621,7543,149.823361104551,19,140,"am",426,12780,"Herbaceous"
"s2lam031_190603",3401,2161,2535,485,344,171.014811957988,19,154,"am",547,16410,"Oak Forest"
"s2lam031_190619",354,3007,2224,461,260,631.150395988996,19,170,"am",418,12540,"Oak Forest"
"s2lam032_190406",673,618,1,1117,2746,586.662091791584,19,96,"am",570,17100,"Oak Forest"
"s2lam032_190412",799,1335,3429,654,2956,1213.24799653074,19,102,"am",428,12840,"Oak Forest"
"s2lam032_190422",205,3773,1838,1134,3286,208.137159636713,19,112,"am",457,13710,"Oak Forest"
"s2lam032_190505",1182,3881,11667,419,2362,541.990128440111,19,125,"am",871,26130,"Herbaceous"
"s2lam032_190531",559,2755,4169,545,1725,325.271143876888,19,151,"am",416,12480,"Shrub"
"s2lam032_190620",19220,74346,11227,1050,1370,185.933468167983,19,171,"am",5192,155760,"Riparian/Wetland"
"s2lam033_190406",1011,475,42,4577,1955,475.970439917722,19,96,"am",572,17160,"Oak Forest"
"s2lam033_190418",892,1490,0,2076,462,668.56088767329,19,108,"am",295,8850,"Oak Forest"
"s2lam033_190511",817,5962,0,3537,182,83.0781907881825,19,131,"am",570,17100,"Oak Forest"
"s2lam033_190522",643,5087,0,1583,334,57.7974943241207,19,142,"am",430,12900,"Oak Forest"
"s2lam033_190603",1934,4870,1020,1225,1099,178.856649094119,19,154,"am",552,16560,"Oak Forest"
"s2lam033_190617",30,1239,7979,349,964,107.41052102402,19,168,"am",434,13020,"Conifer Forest"
"s2lam033_190627",257,1173,0,2410,110,1064.32574067541,19,178,"am",422,12660,"Oak Forest"
"s2lam034_190329",1099,1059,5498,914,2178,344.308459642585,19,88,"am",539,16170,"Oak Forest"
"s2lam034_190405",2932,2243,104,1613,5221,551.794449978586,19,95,"am",613,18390,"Oak Forest"
"s2lam034_190413",1887,4945,6967,457,693,1017.44416785136,19,103,"am",753,22590,"Conifer Forest"
"s2lam034_190510",358,5910,4531,504,57,226.591911846445,19,130,"am",575,17250,"Conifer Forest"
"s2lam034_190602",136,5326,2574,2181,196,70.78381164465,19,153,"am",562,16860,"Oak Forest"
"s2lam034_190610",733,1785,5352,343,79,330.281776209338,19,161,"am",426,12780,"Conifer Forest"
"s2lam034_200701",914,2595,2668,409,9009,227.502034377149,20,183,"am",579,17370,"Herbaceous"
"s2lam035_190405",4777,4442,107,440,3124,567.247188600389,19,95,"am",608,18240,"Oak Forest"
"s2lam035_190413",1138,6073,3426,1418,1423,735.087645963386,19,103,"am",762,22860,"Conifer Forest"
"s2lam035_190510",430,5703,19,1100,2067,606.806365208995,19,130,"am",583,17490,"Conifer Forest"
"s2lam035_190524",1153,3508,8,3436,641,47.0361638101917,19,144,"am",410,12300,"Urban/Developed"
"s2lam035_190601",79,9387,2260,2804,530,48.7211695117507,19,152,"am",663,19890,"Conifer Forest"
"s2lam035_190612",826,1434,6750,30,114,182.250960495333,19,163,"am",440,13200,"Oak Forest"
"s2lam035_190621",665,3472,5429,252,1294,1054.62267986645,19,172,"am",461,13830,"Oak Forest"
"s2lam036_190311",1784,4533,6,1036,2250,305.860100955148,19,70,"am",452,13560,"Herbaceous"
"s2lam036_190326",650,694,2685,2829,7707,106.265924775261,19,85,"am",581,17430,"Conifer Forest"
"s2lam036_190407",1717,3066,133,565,8776,851.85237208749,19,97,"am",589,17670,"Herbaceous"
"s2lam036_190416",1889,6826,250,1168,582,54.9606985797779,19,106,"am",610,18300,"Oak Forest"
"s2lam036_190427",1282,5172,2431,126,180,328.89023145978,19,117,"am",429,12870,"Herbaceous"
"s2lam036_190513",620,4846,5818,5631,7731,48.9853942051775,19,133,"am",1029,30870,"Herbaceous"
"s2lam036_190530",1740,10486,4070,133,103,45.9510668901228,19,150,"am",696,20880,"Conifer Forest"
"s2lam036_190705",1034,2634,8066,344,348,75.2406848356332,19,186,"am",597,17910,"Conifer Forest"
"s2lam036_200528",297,11880,6637,1494,1503,1433.32614678782,20,149,"am",871,26130,"Oak Forest"
"s2lam036_200710",201,1135,9640,236,532,2772.72250360193,20,192,"am",533,15990,"Conifer Forest"
"s2lam037_190312",236,1144,289,1468,294,111.959156668301,19,71,"am",430,12900,"Conifer Forest"
"s2lam037_190405",1800,3285,236,1121,231,250.454427815855,19,95,"am",567,17010,"Oak Forest"
"s2lam037_190413",981,17045,818,227,625,1712.6252980976,19,103,"am",738,22140,"Riparian/Wetland"
"s2lam037_190510",312,3559,7488,382,88,81.1251067128812,19,130,"am",579,17370,"Conifer Forest"
"s2lam037_190520",469,1532,4079,622,2349,71.0089275370508,19,140,"am",420,12600,"Shrub"
"s2lam037_190529",855,4265,6149,662,1580,1430.7921781297,19,149,"am",575,17250,"Oak Forest"
"s2lam037_190604",1275,8166,68,58,216,149.095304880499,19,155,"am",415,12450,"Oak Forest"
"s2lam037_190612",346,2377,6963,336,918,517.96342270289,19,163,"am",441,13230,"Oak Forest"
"s2lam037_190621",841,2714,3238,440,2407,721.04022970774,19,172,"am",462,13860,"Conifer Forest"
"s2lam037_200522",370,15545,1794,609,3905,663.229775230866,20,143,"am",857,25710,"Oak Forest"
"s2lam037_200603",577,5930,5854,559,12088,80.616073996119,20,155,"am",991,29730,"Oak Forest"
"s2lam038_190318",4732,428,1,699,4021,54.4903129690497,19,77,"am",429,12870,"Shrub"
"s2lam038_190329",3216,5390,4219,527,1117,203.593082420144,19,88,"am",719,21570,"Herbaceous"
"s2lam038_190412",3424,4503,181,392,4471,404.229458067074,19,102,"am",579,17370,"Riparian/Wetland"
"s2lam038_190421",526,6884,904,635,3335,354.060950842113,19,111,"am",622,18660,"Oak Forest"
"s2lam038_190527",3294,4933,913,404,2612,82.2221715849267,19,147,"am",582,17460,"Oak Forest"
"s2lam038_190614",849,4852,6323,25,240,164.1359492558,19,165,"am",568,17040,"Oak Forest"
"s2lam038_190621",299,3667,2115,458,1381,307.207275493158,19,172,"am",426,12780,"Oak Forest"
"s2lam038_200522",1315,14134,1240,385,4782,26.841502461514,20,143,"am",852,25560,"Oak Forest"
"s2lam038_200616",315,5890,6229,282,1373,89.1611653487463,20,168,"am",716,21480,"Oak Forest"
"s2lam038_200702",1187,4541,1735,1925,3363,87.5169345984525,20,184,"am",580,17400,"Agriculture/Barren"
"s2lam039_190326",415,1317,629,3197,1900,133.153512748825,19,85,"am",580,17400,"Conifer Forest"
"s2lam039_190411",2427,6762,1500,220,246,20.2234090832501,19,101,"am",566,16980,"Herbaceous"
"s2lam039_190428",844,4513,2872,114,515,422.679741314367,19,118,"am",431,12930,"Oak Forest"
"s2lam039_190513",735,4365,3006,3761,17476,81.2489031508589,19,133,"am",1029,30870,"Herbaceous"
"s2lam039_190531",685,4585,3576,163,227,526.383564753001,19,151,"am",412,12360,"Conifer Forest"
"s2lam039_200522",569,10672,7650,340,2548,392.462839781643,20,143,"am",873,26190,"Oak Forest"
"s2lam039_200603",540,6522,4008,2581,11600,599.483274636452,20,155,"am",987,29610,"Oak Forest"
"s2lam040_190315",2545,9362,20,157,2058,110.424375332083,19,74,"am",591,17730,"Herbaceous"
"s2lam040_190326",292,945,3209,4503,3352,86.5892511884235,19,85,"am",577,17310,"Conifer Forest"
"s2lam040_190407",261,2271,159,573,14346,73.0735320305082,19,97,"am",595,17850,"Herbaceous"
"s2lam040_190416",1523,9265,3906,70,297,243.962709714335,19,106,"am",609,18270,"Oak Forest"
"s2lam040_190506",213,5537,1581,252,4254,319.556353093892,19,126,"am",460,13800,"Herbaceous"
"s2lam040_190524",5035,17341,7342,343,695,376.467276579255,19,144,"am",1280,38400,"Herbaceous"
"s2lam040_200522",753,18353,1706,154,2622,214.640904708135,20,143,"am",872,26160,"Conifer Forest"
"s2lam040_200624",65,2268,6955,47,436,302.516494872508,20,176,"am",409,12270,"Conifer Forest"
"s2lam040_200708",350,6019,565,238,8927,1342.06545048177,20,190,"am",571,17130,"Herbaceous"
"s2lam041_190326",81,72,0,8993,201,404.637090130435,19,85,"am",580,17400,"Conifer Forest"
"s2lam041_190407",3540,789,1686,2108,1175,784.309377202552,19,97,"am",596,17880,"Herbaceous"
"s2lam041_190416",733,10953,3065,84,382,577.295963239434,19,106,"am",612,18360,"Oak Forest"
"s2lam041_190506",718,7022,2777,308,168,125.006692814619,19,126,"am",462,13860,"Conifer Forest"
"s2lam041_190520",576,1178,792,1672,5008,66.7476948713578,19,140,"am",418,12540,"Herbaceous"
"s2lam041_190601",286,4860,3641,2108,937,82.8550703863094,19,152,"am",691,20730,"Conifer Forest"
"s2lam041_190617",2325,1801,5,1110,255,81.0510251121729,19,168,"am",424,12720,"Conifer Forest"
"s2lam041_190627",88,4774,4350,155,1084,66.9052532923654,19,178,"am",442,13260,"Conifer Forest"
"s2lam041_200515",1150,5408,3361,2476,1432,17.3637868755162,20,136,"am",586,17580,"Conifer Forest"
"s2lam041_200622",19,3945,4721,305,1032,410.860342296732,20,174,"am",424,12720,"Conifer Forest"
"s2lam041_200707",405,10635,1080,388,1690,66.7606164376181,20,189,"am",568,17040,"Oak Forest"
"s2lam042_190329",1555,746,4327,1772,5926,712.057624717887,19,88,"am",720,21600,"Herbaceous"
"s2lam042_190405",2933,7125,106,337,600,534.90473338492,19,95,"am",555,16650,"Herbaceous"
"s2lam042_190412",5480,5334,139,484,443,442.05698188771,19,102,"am",579,17370,"Riparian/Wetland"
"s2lam042_190422",281,7425,633,1124,669,259.225265396832,19,112,"am",461,13830,"Shrub"
"s2lam042_190527",2831,6517,1482,1969,146,72.2206877780463,19,147,"am",752,22560,"Shrub"
"s2lam042_190611",574,8248,755,683,3194,578.963662722087,19,162,"am",557,16710,"Riparian/Wetland"
"s2lam042_200603",876,5118,3274,939,13032,712.092517438697,20,155,"am",1002,30060,"Conifer Forest"
"s2lam043_190315",3478,7499,365,116,783,228.046537649925,19,74,"am",587,17610,"Riparian/Wetland"
"s2lam043_190329",2011,9359,1384,569,1110,115.130682962771,19,88,"am",724,21720,"Herbaceous"
"s2lam043_190406",1234,400,513,1169,11254,495.441555382491,19,96,"am",582,17460,"Shrub"
"s2lam043_190412",313,3297,6,1505,2468,75.0108833737818,19,102,"am",414,12420,"Herbaceous"
"s2lam043_190422",599,3693,195,2142,3523,61.0231458345228,19,112,"am",463,13890,"Shrub"
"s2lam043_190520",288,3556,65,2700,1671,77.2390046601656,19,140,"am",426,12780,"Conifer Forest"
"s2lam043_190604",1845,5899,62,326,831,200.508954837646,19,155,"am",416,12480,"Oak Forest"
"s2lam043_190621",1110,2706,3634,383,641,651.336674102922,19,172,"am",459,13770,"Conifer Forest"
"s2lam044_190318",4477,356,59,1098,5108,116.911706418194,19,77,"am",435,13050,"Herbaceous"
"s2lam044_190401",6974,1533,187,156,1466,95.1068115945929,19,91,"am",462,13860,"Oak Forest"
"s2lam044_190419",289,4907,2571,1595,1477,815.01375375271,19,109,"am",701,21030,"Conifer Forest"
"s2lam044_190506",123,6364,4563,65,105,304.315630315886,19,126,"am",460,13800,"Conifer Forest"
"s2lam044_200603",468,11066,8522,659,2951,717.464011359459,20,155,"am",984,29520,"Oak Forest"
"s2lam045_190318",3405,729,0,1825,4100,70.176165058431,19,77,"am",433,12990,"Riparian/Wetland"
"s2lam045_190407",303,378,24,45,431,922.04097035906,19,97,"am",47,1410,"Herbaceous"
"s2lam045_190416",3951,6484,105,150,5040,315.857122282077,19,106,"am",595,17850,"Herbaceous"
"s2lam045_190527",1321,11766,617,714,263,58.3425684157048,19,147,"am",752,22560,"Shrub"
"s2lam045_190617",1659,3934,3946,118,899,142.425254025166,19,168,"am",460,13800,"Oak Forest"
"s2lam045_200605",91,11121,598,4349,2074,292.03984754746,20,157,"am",979,29370,"Conifer Forest"
"s2lam046_190318",3946,1733,6,272,3184,15.879462360306,19,77,"am",432,12960,"Urban/Developed"
"s2lam046_190329",1103,2741,1313,2803,1794,401.719807242558,19,88,"am",720,21600,"Oak Forest"
"s2lam046_190405",3286,6663,152,113,498,391.945052912282,19,95,"am",553,16590,"Oak Forest"
"s2lam046_190412",3500,6490,683,701,659,448.064774211958,19,102,"am",579,17370,"Riparian/Wetland"
"s2lam046_190422",183,5068,756,1483,266,362.584639822625,19,112,"am",457,13710,"Oak Forest"
"s2lam046_190505",594,8158,9702,497,797,514.472821789303,19,125,"am",872,26160,"Oak Forest"
"s2lam046_190614",665,3726,5551,281,3428,203.137959456578,19,165,"am",576,17280,"Herbaceous"
"s2lam046_190621",215,2856,2241,645,4503,128.00507198311,19,172,"am",426,12780,"Oak Forest"
"s2lam046_200602",455,12275,3448,4346,19440,443.589942350988,20,154,"am",1429,42870,"Herbaceous"
"s2lam046_200630",653,1575,6706,77,184,61.261792353934,20,182,"am",427,12810,"Conifer Forest"
"s2lam047_190405",2531,6334,48,630,3527,468.79790869019,19,95,"am",606,18180,"Oak Forest"
"s2lam047_190418",595,1506,1116,322,197,406.057541128034,19,108,"am",293,8790,"Oak Forest"
"s2lam047_190506",252,5470,2523,512,714,455.400004776701,19,126,"am",460,13800,"Oak Forest"
"s2lam047_190607",1160,12662,0,375,2137,154.658265913481,19,158,"am",593,17790,"Herbaceous"
"s2lam047_190621",338,3471,3761,323,2684,70.6732920702346,19,172,"am",431,12930,"Shrub"
"s2lam047_200603",331,12000,1823,4185,1490,601.444440707403,20,155,"am",1184,35520,"Oak Forest"
"s2lam048_190329",858,513,2962,4505,4089,393.391494292389,19,88,"am",540,16200,"Herbaceous"
"s2lam048_190405",1641,1568,90,2776,5218,573.147522480683,19,95,"am",611,18330,"Oak Forest"
"s2lam048_190413",919,3555,2903,1182,3656,1327.45361786007,19,103,"am",743,22290,"Conifer Forest"
"s2lam048_190602",56,7289,2658,906,41,92.6100978982686,19,153,"am",581,17430,"Conifer Forest"
"s2lam048_190612",1093,4225,2398,352,276,347.323746610302,19,163,"am",441,13230,"Oak Forest"
"s2lam048_200506",768,13854,408,98,865,463.179163388607,20,127,"am",590,17700,"Agriculture/Barren"
"s2lam048_200603",773,16791,1848,1421,1784,909.534546829523,20,155,"am",989,29670,"Oak Forest"
"s2lam048_200622",40,3953,1242,1066,811,106.87671183525,20,174,"am",423,12690,"Conifer Forest"
"s2lam049_190329",932,1218,6792,2065,2225,614.906505762617,19,88,"am",721,21630,"Oak Forest"
"s2lam049_190412",5816,4551,154,495,329,340.815682112849,19,102,"am",573,17190,"Riparian/Wetland"
"s2lam049_190422",326,5009,258,1662,971,186.644519661003,19,112,"am",462,13860,"Shrub"
"s2lam049_190505",656,9134,3671,1130,1647,707.031843102566,19,125,"am",872,26160,"Shrub"
"s2lam049_190522",11801,7893,857,191,4375,112.195557998242,19,142,"am",1014,30420,"Herbaceous"
"s2lam049_190607",4682,1166,2720,332,2454,218.846864088848,19,158,"am",468,14040,"Herbaceous"
"s2lam049_190630",430,5356,3847,1074,91,42.5450355427093,19,181,"am",601,18030,"Conifer Forest"
"s2lam050_190329",872,1063,6967,1316,3828,360.844741509585,19,88,"am",539,16170,"Herbaceous"
"s2lam050_190411",508,1255,0,236,14270,18.2605024327106,19,101,"am",565,16950,"Herbaceous"
"s2lam050_190427",666,766,375,250,9083,183.061325941459,19,117,"am",429,12870,"Shrub"
"s2lam051_190329",664,5293,481,2336,1737,102.904634201281,19,88,"am",543,16290,"Herbaceous"
"s2lam051_190405",4603,2945,74,625,5209,516.613069456603,19,95,"am",614,18420,"Herbaceous"
"s2lam051_190418",688,1772,345,402,3094,58.2422600828003,19,108,"am",282,8460,"Oak Forest"
"s2lam051_190511",878,11057,73,202,3794,91.8929353514874,19,131,"am",575,17250,"Herbaceous"
"s2lam051_190531",856,4058,1560,262,182,486.890799062253,19,151,"am",403,12090,"Shrub"
"s2lam051_190621",532,6990,345,725,1716,3.24190728179839,19,172,"am",430,12900,"Oak Forest"
"s2lam051_200617",134,995,4842,454,363,68.4597223071275,20,169,"am",405,12150,"Oak Forest"
"s2lam051_200710",331,4847,2933,530,3940,1633.11611557525,20,192,"am",541,16230,"Herbaceous"
"s2lam052_190521",1113,3503,3081,3468,483,338.472739084942,19,141,"am",699,20970,"Oak Forest"
"s2lam052_190601",838,4691,2921,229,621,102.937572668956,19,152,"am",426,12780,"Oak Forest"
"s2lam052_190612",3113,12118,369,171,976,60.8559479107656,19,163,"am",726,21780,"Urban/Developed"
"s2lam052_190621",1423,4945,1151,445,302,83.5984889291512,19,172,"am",434,13020,"Oak Forest"
"s2lam052_200522",436,15166,4027,695,186,1096.31822601977,20,143,"am",856,25680,"Oak Forest"
"s2lam052_200616",104,8351,4412,704,4992,50.66008650259,20,168,"am",695,20850,"Oak Forest"
"s2lam052_200702",502,2757,4038,802,1972,365.404347647399,20,184,"am",567,17010,"Oak Forest"
"s2lam053_190521",764,5184,4618,1372,588,260.917495431392,19,141,"am",700,21000,"Oak Forest"
"s2lam053_190602",77,13001,343,460,1778,150.88564835584,19,153,"am",555,16650,"Oak Forest"
"s2lam053_190610",305,7227,1497,298,1232,647.960841378828,19,161,"am",428,12840,"Oak Forest"
"s2lam054_190521",885,3630,5620,1170,911,475.348050585218,19,141,"am",711,21330,"Conifer Forest"
"s2lam054_190602",135,8603,1837,676,2094,136.302853404783,19,153,"am",561,16830,"Herbaceous"
"s2lam054_190611",209,420,18,2445,1325,108.281547374674,19,162,"am",428,12840,"Oak Forest"
"s2lam054_200506",566,10239,2542,115,1382,257.755266796704,20,127,"am",592,17760,"Agriculture/Barren"
"s2lam054_200603",269,15683,988,344,11753,835.266356314133,20,155,"am",982,29460,"Oak Forest"
"s2lam055_190528",240,4708,3217,468,87,179.609804145053,19,148,"am",422,12660,"Conifer Forest"
"s2lam055_190611",1814,6691,1998,105,25,180.879699607296,19,162,"am",459,13770,"Conifer Forest"
"s2lam055_190622",6494,3766,1939,482,187,27.4146528860687,19,173,"am",848,25440,"Urban/Developed"
"s2lam055_200528",202,11220,9344,1564,838,1874.08545470607,20,149,"am",859,25770,"Oak Forest"
"s2lam055_200617",248,1568,4564,373,389,40.8080094161785,20,169,"am",430,12900,"Shrub"
"s2lam055_200624",68,1460,4419,414,1077,355.489124754803,20,176,"am",405,12150,"Conifer Forest"
"s2lam055_200710",366,5750,4375,379,1263,2463.75554436413,20,192,"am",568,17040,"Herbaceous"
"s2lam056_190528",243,2143,6401,185,394,148.660186418566,19,148,"am",423,12690,"Conifer Forest"
"s2lam056_190608",2381,3838,9479,1198,813,73.7726732969608,19,159,"am",828,24840,"Herbaceous"
"s2lam056_190623",1324,2776,309,1862,35,141.823125563975,19,174,"am",432,12960,"Conifer Forest"
"s2lam056_200607",192,7971,2387,2116,770,1419.02164134774,20,159,"am",880,26400,"Oak Forest"
"s2lam057_190521",1182,4309,1644,1448,2244,309.124601310283,19,141,"am",716,21480,"Oak Forest"
"s2lam057_190601",114,2639,4541,7278,280,48.8012905252481,19,152,"am",679,20370,"Conifer Forest"
"s2lam057_190619",928,2805,2152,385,370,576.577596279243,19,170,"am",405,12150,"Oak Forest"
"s2lam057_200710",211,872,10260,796,105,2732.59070532479,20,192,"am",572,17160,"Conifer Forest"
"s2lam058_190521",833,5726,1576,926,177,366.999131772074,19,141,"am",712,21360,"Oak Forest"
"s2lam058_190601",58,7533,2910,3335,335,55.3464872261385,19,152,"am",690,20700,"Conifer Forest"
"s2lam058_190619",413,5461,4464,101,141,413.53816666539,19,170,"am",425,12750,"Oak Forest"
"s2lam058_200607",558,14812,638,1336,4030,886.695847438767,20,159,"am",884,26520,"Herbaceous"
"s2lam059_190521",2161,3612,5579,955,410,575.840888824916,19,141,"am",716,21480,"Conifer Forest"
"s2lam059_190601",480,6266,3288,1761,140,45.026575418818,19,152,"am",684,20520,"Conifer Forest"
"s2lam059_190610",475,3670,5237,198,454,934.671917921524,19,161,"am",424,12720,"Shrub"
"s2lam059_190623",671,2080,953,2566,89,152.032719747229,19,174,"am",431,12930,"Conifer Forest"
"s2lam059_200607",44,18219,1004,1813,510,1719.50080459203,20,159,"am",885,26550,"Herbaceous"
"s2lam060_190528",538,3789,5292,150,235,199.439547031323,19,148,"am",426,12780,"Shrub"
"s2lam060_190611",2108,4973,1298,211,893,195.566913854976,19,162,"am",426,12780,"Riparian/Wetland"
"s2lam060_200507",571,6193,2825,1043,121,153.747996020592,20,128,"am",577,17310,"Conifer Forest"
"s2lam060_200603",283,16320,5655,879,337,821.038418501985,20,155,"am",982,29460,"Oak Forest"
"s2lam061_190520",394,1387,1870,2135,2089,188.73013008048,19,140,"am",431,12930,"Conifer Forest"
"s2lam061_190528",4648,12555,2201,187,237,146.759600910066,19,148,"am",996,29880,"Herbaceous"
"s2lam061_190614",1786,4577,2382,556,1441,55.5082310037656,19,165,"am",522,15660,"Herbaceous"
"s2lam061_200605",4206,7163,23868,4927,1136,212.669111851717,20,157,"am",1861,55830,"Conifer Forest"
"s2lam062_190625",103,3199,4990,406,402,625.57105786537,19,176,"am",416,12480,"Shrub"
"s2lam062_200606",3877,8856,21078,4558,1465,55.4602770621455,20,158,"am",1707,51210,"Conifer Forest"
"s2lam063_190625",139,886,5325,286,63,181.578430103782,19,176,"am",433,12990,"Conifer Forest"
"s2lam063_200606",218,2647,5943,1633,68,63.282506892124,20,158,"am",677,20310,"Conifer Forest"
"s2lam063_200708",579,4703,1094,350,7477,1207.66360960035,20,190,"am",566,16980,"Herbaceous"
"s2lam064_190625",109,2320,6066,132,101,136.764308064958,19,176,"am",386,11580,"Conifer Forest"
"s2lam064_200509",2293,33328,2022,3902,2168,107.295279844166,20,130,"am",1738,52140,"Oak Forest"
"s2lam065_190625",539,21,0,8147,719,47.3754254319563,19,176,"am",446,13380,"Oak Forest"
"s2lam065_200528",1258,28117,417,321,621,119.280843078093,20,149,"am",1153,34590,"Oak Forest"
"s2lam066_190625",140,2143,43,4363,49,381.061823493742,19,176,"am",418,12540,"Conifer Forest"
"s2lam066_200520",1680,2377,3037,965,314,330.560197302406,20,141,"am",820,24600,"Conifer Forest"
"s2lam066_200622",64,3049,2560,525,1762,111.927544561969,20,174,"am",418,12540,"Oak Forest"
"s2lam066_200707",289,1665,6143,761,3373,113.537177187751,20,189,"am",567,17010,"Conifer Forest"
"s2lam067_190625",102,2411,5634,504,217,779.468891731838,19,176,"am",417,12510,"Conifer Forest"
"s2lam067_200520",1088,3382,556,2160,11425,245.948784129513,20,141,"am",815,24450,"Conifer Forest"
"s2lam068_190625",125,1655,4709,392,1178,207.002961635834,19,176,"am",431,12930,"Conifer Forest"
"s2lam068_200520",1572,4022,496,2337,4008,438.057305407396,20,141,"am",809,24270,"Conifer Forest"
"s2lam068_200622",32,2161,5411,327,139,290.892908399801,20,174,"am",420,12600,"Conifer Forest"
"s2lam068_200708",159,6564,1568,1140,6023,1417.72934870753,20,190,"am",568,17040,"Herbaceous"
"s2lam069_190625",149,1050,6075,521,971,73.7320589958983,19,176,"am",378,11340,"Conifer Forest"
"s2lam070_200508",200,5316,3350,1972,1741,161.335739008091,20,129,"am",562,16860,"Oak Forest"
"s2lam070_200617",225,3969,2980,572,2036,76.0658303816519,20,169,"am",402,12060,"Herbaceous"
"s2lam070_200710",244,836,10157,704,495,1729.56496657465,20,192,"am",537,16110,"Conifer Forest"
"s2lam071_190625",98,2818,4753,522,551,939.93231316322,19,176,"am",411,12330,"Conifer Forest"
"s2lam071_200508",214,6772,2852,1621,2837,85.3051518587239,20,129,"am",571,17130,"Oak Forest"
"s2lam071_200603",558,8324,5148,2310,8310,990.847430757118,20,155,"am",1002,30060,"Herbaceous"
"s2lam072_190625",76,1366,6996,297,152,1067.7212594981,19,176,"am",413,12390,"Conifer Forest"
"s2lam073_190625",206,2440,5168,545,3267,62.8334852987872,19,176,"am",438,13140,"Conifer Forest"
"s2lam073_200506",101,4739,6545,443,97,101.389850773615,20,127,"am",559,16770,"Conifer Forest"
"s2lam073_200603",642,16550,2878,1626,2591,734.012117702702,20,155,"am",990,29700,"Oak Forest"
"s2lam074_190625",116,866,7440,380,99,143.731406877026,19,176,"am",416,12480,"Conifer Forest"
"s2lam074_200507",584,3131,6128,137,658,276.23924244915,20,128,"am",444,13320,"Shrub"
"s2lam074_200603",639,8399,10231,472,4556,243.279853111412,20,155,"am",1013,30390,"Conifer Forest"
"s2lam075_190625",121,1450,4809,473,1214,218.296095356442,19,176,"am",387,11610,"Conifer Forest"
"s2lam076_190625",140,788,0,9861,24,68.652795126405,19,176,"am",431,12930,"Conifer Forest"
"s2lam076_200522",807,7886,2529,1296,1654,121.431527673139,20,143,"am",677,20310,"Conifer Forest"
"s2lam076_200622",35,2697,3888,267,1057,602.144077363935,20,174,"am",430,12900,"Oak Forest"
"s2lam076_200707",1639,936,20,985,5119,72.1638611624443,20,189,"am",341,10230,"Herbaceous"
"s2lam077_190627",936,12085,438,78,83,51.8546026878464,19,178,"am",566,16980,"Oak Forest"
"s2lam078_200522",269,5811,7002,701,993,34.3444864322773,20,143,"am",708,21240,"Conifer Forest"
"s2lam079_200510",402,6686,6499,2084,4681,651.576833413907,20,131,"am",746,22380,"Shrub"
"s2lam081_200512",537,3718,3369,437,1140,40.4058407810623,20,133,"am",419,12570,"Herbaceous"
"s2lam081_200622",33,2013,2957,391,3079,517.693512713315,20,174,"am",427,12810,"Conifer Forest"
"s2lam081_200707",324,3374,5120,447,3392,217.162211191307,20,189,"am",566,16980,"Oak Forest"
"s2lam082_200512",2204,2478,7,633,3750,155.158697371873,20,133,"am",418,12540,"Herbaceous"
"s2lam082_200622",18,2216,4481,347,2868,426.185994206878,20,174,"am",429,12870,"Conifer Forest"
"s2lam082_200707",104,2863,627,602,12109,542.811682044788,20,189,"am",563,16890,"Oak Forest"
"s2lam083_200512",132,5507,369,562,542,137.591075756768,20,133,"am",330,9900,"Oak Forest"
"s2lam083_200622",7,4051,3177,193,1620,607.801744216756,20,174,"am",429,12870,"Oak Forest"
"s2lam083_200707",116,4915,1940,261,9596,447.134365601643,20,189,"am",562,16860,"Herbaceous"
"s2lam084_200710",201,2446,6444,1517,230,2684.14859885868,20,192,"am",575,17250,"Conifer Forest"
"s2lam085_200509",777,6891,9718,20648,11885,400.990771896132,20,130,"am",2005,60150,"Oak Forest"
"s2lam085_200622",1,2172,7494,282,165,93.3864189207623,20,174,"am",426,12780,"Oak Forest"
"s2lam085_200710",77,330,2442,415,2487,2448.96056780711,20,192,"am",224,6720,"Herbaceous"
"s2lam086_200622",31,3197,5536,197,665,474.597107858008,20,174,"am",425,12750,"Conifer Forest"
"s2lam087_200622",26,4039,2382,163,1631,533.421331490209,20,174,"am",428,12840,"Oak Forest"
"s2lam088_200610",490,3286,714,79,3457,434.323559399745,20,162,"am",305,9150,"Oak Forest"
"s2lam088_200701",387,3477,8784,133,178,121.589747566817,20,183,"am",574,17220,"Conifer Forest"
"s2lam089_200515",886,29644,29223,5991,1947,40.3250679103524,20,136,"am",2753,82590,"Conifer Forest"
"s2lam089_200710",221,4878,5389,404,2175,1441.69364466967,20,192,"am",558,16740,"Herbaceous"
"s2lam090_200515",1049,32030,22223,3682,2720,70.9504915157563,20,136,"am",2577,77310,"Oak Forest"
"s2lam091_200515",1193,26695,23571,6041,3072,70.6777542067376,20,136,"am",2580,77400,"Conifer Forest"
"s2lam091_200617",70,3120,4274,202,439,35.892246393997,20,169,"am",416,12480,"Oak Forest"
"s2lam091_200624",71,4775,2226,117,2530,244.57953814215,20,176,"am",411,12330,"Oak Forest"
"s2lam095_200512",654,13096,5017,4164,2187,48.9934434449461,20,133,"am",1173,35190,"Conifer Forest"
"s2lam095_200622",45,1381,42,3705,4355,174.143286483577,20,174,"am",431,12930,"Conifer Forest"
"s2lam095_200708",111,2250,9145,281,2164,1522.70407084798,20,190,"am",564,16920,"Conifer Forest"
"s2lam096_200505",927,11577,114,286,309,10.8714438575517,20,126,"am",561,16830,"Oak Forest"
"s2lam096_200603",165,3147,1462,119,3297,277.222891162827,20,155,"am",313,9390,"Shrub"
"s2lam097_200511",610,2294,10151,2911,1807,144.10499302958,20,132,"am",739,22170,"Conifer Forest"
"s2lam098_200506",88,2442,11462,752,145,432.928198406709,20,127,"am",676,20280,"Oak Forest"
"s2lam098_200603",614,10824,4053,990,8354,138.67473847298,20,155,"am",995,29850,"Oak Forest"
"s2lam099_200506",45,7000,8434,349,1454,441.571325264043,20,127,"am",674,20220,"Oak Forest"
"s2lam099_200603",653,2983,12606,1225,4440,782.699747060451,20,155,"am",986,29580,"Shrub"
"s2lam099_200622",27,4156,462,1193,1589,129.961823135771,20,174,"am",420,12600,"Conifer Forest"
"s2lam099_200708",180,5312,2909,356,6378,1188.22096738904,20,190,"am",556,16680,"Herbaceous"
"s2lam100_200506",139,4763,8611,302,4781,215.894798792536,20,127,"am",669,20070,"Herbaceous"
"s2lam101_200522",892,14238,2225,331,6382,64.7589134574683,20,143,"am",853,25590,"Oak Forest"
"s2lam101_200616",174,1530,4819,504,13283,231.452079914201,20,168,"am",693,20790,"Herbaceous"
"s2lam101_200702",417,1851,6053,579,4339,511.678596065283,20,184,"am",570,17100,"Oak Forest"
"s2lam103_200522",1705,2929,5618,876,9902,37.3307201963833,20,143,"am",841,25230,"Oak Forest"
"s2lam103_200616",449,5702,7171,422,847,247.458254474298,20,168,"am",709,21270,"Oak Forest"
"s2lam103_200630",208,1507,7753,66,81,42.0193980707942,20,182,"am",425,12750,"Shrub"
"s2lam104_200528",394,10444,7022,1691,1424,1612.29940056891,20,149,"am",869,26070,"Oak Forest"
"s2lam104_200624",34,1414,3739,719,539,213.587949686126,20,176,"am",415,12450,"Conifer Forest"
"s2lam104_200708",439,4453,1747,493,6132,1053.15973245151,20,190,"am",566,16980,"Herbaceous"
"s2lam105_200528",377,15507,904,2063,4166,1831.09629811558,20,149,"am",869,26070,"Oak Forest"
"s2lam105_200622",27,6164,52,676,4938,440.548531510023,20,174,"am",427,12810,"Oak Forest"
"s2lam105_200707",77,587,197,144,4338,87.2223786593328,20,189,"am",185,5550,"Oak Forest"
"s2lam106_200522",372,12724,8895,280,233,411.207760038887,20,143,"am",877,26310,"Oak Forest"
"s2lam106_200710",219,2534,2650,873,3563,2229.59247524615,20,192,"am",564,16920,"Conifer Forest"
"s2lam107_200522",775,11285,9087,198,726,366.199060473425,20,143,"am",854,25620,"Conifer Forest"
"s2lam107_200528",442,8561,9507,845,2424,2241.44371632289,20,149,"am",866,25980,"Oak Forest"
"s2lam107_200708",3453,5509,770,147,4388,1395.18250866951,20,190,"am",570,17100,"Herbaceous"
"s2lam108_200519",65,4560,4392,1163,159,42.8077382127167,20,140,"am",451,13530,"Oak Forest"
"s2lam108_200622",7,1752,7498,228,199,183.033762924931,20,174,"am",428,12840,"Conifer Forest"
"s2lam108_200707",157,506,10654,92,3134,316.904840559379,20,189,"am",566,16980,"Oak Forest"
"s2lam109_200522",356,11934,4951,704,5312,861.852796599368,20,143,"am",855,25650,"Oak Forest"
"s2lam109_200616",627,4414,8395,610,1184,270.058062475045,20,168,"am",704,21120,"Oak Forest"
"s2lam109_200630",952,1309,5998,268,81,87.3967336629129,20,182,"am",422,12660,"Conifer Forest"
"s2lam110_200522",694,5503,12293,414,1465,936.994335099176,20,143,"am",855,25650,"Oak Forest"
"s2lam110_200624",18,4989,685,1323,134,273.552584085413,20,176,"am",407,12210,"Conifer Forest"
"s2lam111_200501",1056,5484,1537,650,286,74.3349980241235,20,122,"am",456,13680,"Urban/Developed"
"s2lam111_200506",1647,6509,1893,518,240,60.0147031910112,20,127,"am",561,16830,"Urban/Developed"
"s2lam111_200514",1490,7269,2101,3188,819,73.7476799766049,20,135,"am",719,21570,"Urban/Developed"
"s2lam112_200623",407,2814,2968,186,215,63.8186559615378,20,175,"am",305,9150,"Conifer Forest"
"s2lam112_200710",349,3623,1825,1856,7857,2518.66870582443,20,192,"am",574,17220,"Oak Forest"
"s2lam113_200708",93,6019,674,2588,4800,1236.41352116635,20,190,"am",559,16770,"Conifer Forest"
"s2lam114_200624",81,1533,3996,273,85,328.305631197935,20,176,"am",305,9150,"Conifer Forest"
"s2lam114_200710",143,3412,2782,1848,1015,1692.15800899022,20,192,"am",561,16830,"Oak Forest"
"s2lam115_200708",191,2892,756,2038,2271,1329.83093223609,20,190,"am",574,17220,"Conifer Forest"
"s2llg001_170401",1116,2361,8434,5504,258,49.8761257020906,17,91,"lg",685,20550,"Agriculture/Barren"
"s2llg001_170414",910,1966,9952,4492,264,707.749778140511,17,104,"lg",696,20880,"Oak Forest"
"s2llg001_170422",260,2468,1009,1205,12,91.1290953861839,17,112,"lg",409,12270,"Oak Forest"
"s2llg001_170430",148,3766,8057,1933,141,214.161068082297,17,120,"lg",544,16320,"Conifer Forest"
"s2llg001_170506",226,28,5758,781,2247,375.81344478583,17,126,"lg",399,11970,"Herbaceous"
"s2llg001_170509",452,2687,13904,1001,263,545.554717417442,17,129,"lg",719,21570,"Oak Forest"
"s2llg001_170516",187,1796,5576,1595,211,174.905151813265,17,136,"lg",410,12300,"Oak Forest"
"s2llg001_170520",1822,2669,3407,176,13,127.68879590541,17,140,"lg",411,12330,"Oak Forest"
"s2llg001_170527",259,2284,8221,274,59,390.239544552149,17,147,"lg",460,13800,"Oak Forest"
"s2llg001_170613",182,4490,7753,2519,164,65.1739223088622,17,164,"lg",576,17280,"Oak Forest"
"s2llg001_170620",1190,2277,602,2913,109,69.1672703881094,17,171,"lg",431,12930,"Oak Forest"
"s2llg001_170701",576,1321,8473,2367,67,724.546404949234,17,182,"lg",592,17760,"Conifer Forest"
"s2llg001_170708",894,9283,58165,2080,501,1366.46417958529,17,189,"lg",2701,81030,"Conifer Forest"
"s2llg001_180330",141,1225,6748,2569,96,906.690919687156,18,89,"lg",565,16950,"Oak Forest"
"s2llg001_180414",331,1446,10443,2023,580,1354.55574520925,18,104,"lg",566,16980,"Conifer Forest"
"s2llg001_180425",130,4393,4870,4769,62,493.194820222801,18,115,"lg",558,16740,"Riparian/Wetland"
"s2llg001_180502",411,6899,16323,1347,232,404.697717488397,18,122,"lg",998,29940,"Oak Forest"
"s2llg001_180523",164,8121,9698,5611,2521,132.973986121425,18,143,"lg",1143,34290,"Shrub"
"s2llg001_190414",201,2378,7428,3173,928,450.464209912792,19,104,"lg",544,16320,"Oak Forest"
"s2llg002_170404",4,11,10839,1174,348,453.3215499109,17,94,"lg",432,12960,"Conifer Forest"
"s2llg002_170415",3,108,9699,1754,1753,392.745665042773,17,105,"lg",459,13770,"Conifer Forest"
"s2llg002_170422",151,2228,5850,1617,39,190.325810534147,17,112,"lg",435,13050,"Shrub"
"s2llg002_170430",27,2333,5407,763,110,110.622576385009,17,120,"lg",353,10590,"Conifer Forest"
"s2llg002_170506",98,2459,7361,127,106,401.74129275572,17,126,"lg",415,12450,"Oak Forest"
"s2llg002_170516",201,4171,7650,2052,57,461.960019748876,17,136,"lg",571,17130,"Oak Forest"
"s2llg002_170520",203,5382,1039,1289,46,455.169036844647,17,140,"lg",415,12450,"Oak Forest"
"s2llg002_170527",86,1384,9110,1357,85,396.319441083938,17,147,"lg",463,13890,"Oak Forest"
"s2llg002_170606",190,2270,11218,1323,347,367.793647328948,17,157,"lg",572,17160,"Oak Forest"
"s2llg002_170620",114,10027,1231,262,36,27.0865703329947,17,171,"lg",434,13020,"Oak Forest"
"s2llg002_170627",484,5158,36677,785,289,1366.46417958529,17,178,"lg",1582,47460,"Conifer Forest"
"s2llg002_180425",328,9358,3250,691,231,639.061775134741,18,115,"lg",553,16590,"Riparian/Wetland"
"s2llg002_180502",1306,7821,15814,1000,132,221.935904952708,18,122,"lg",1000,30000,"Conifer Forest"
"s2llg002_190414",29,1366,10972,1366,1880,396.557656320581,19,104,"lg",566,16980,"Oak Forest"
"s2llg003_170404",177,227,296,3459,61,602.904444202225,17,94,"lg",431,12930,"Conifer Forest"
"s2llg003_170408",106,575,1086,2557,23,43.451580087376,17,98,"lg",420,12600,"Agriculture/Barren"
"s2llg003_170415",56,1040,5678,3750,3004,233.088982534449,17,105,"lg",458,13740,"Oak Forest"
"s2llg003_170418",72,1663,8259,667,451,477.662934609423,17,108,"lg",398,11940,"Conifer Forest"
"s2llg003_170422",96,2520,7551,291,156,417.789649921899,17,112,"lg",410,12300,"Shrub"
"s2llg003_170430",129,2976,8045,1310,59,398.695993901475,17,120,"lg",562,16860,"Oak Forest"
"s2llg003_170527",203,2112,9865,50,74,30.480324403316,17,147,"lg",442,13260,"Oak Forest"
"s2llg003_170613",249,2087,6229,182,20,415.907163589552,17,164,"lg",399,11970,"Oak Forest"
"s2llg003_170627",843,1938,8105,214,51,504.271662906794,17,178,"lg",563,16890,"Conifer Forest"
"s2llg003_170705",1473,959,3989,1430,35,39.5034818435792,17,186,"lg",426,12780,"Oak Forest"
"s2llg003_170711",1044,9888,1169,236,85,132.886562815839,17,192,"lg",575,17250,"Oak Forest"
"s2llg003_180116",704,2416,3481,2484,2413,52.6607148655315,18,16,"lg",604,18120,"Oak Forest"
"s2llg003_180331",673,729,6923,6570,36,852.534180381282,18,90,"lg",560,16800,"Herbaceous"
"s2llg003_180414",372,4049,2153,6350,1357,978.903537872817,18,104,"lg",552,16560,"Herbaceous"
"s2llg003_180502",1008,7228,13155,1301,55,392.36143664919,18,122,"lg",1000,30000,"Oak Forest"
"s2llg003_180519",131,6780,9501,743,409,282.240781240251,18,139,"lg",724,21720,"Oak Forest"
"s2llg003_180526",243,7521,5688,2504,1748,217.669583304243,18,146,"lg",714,21420,"Herbaceous"
"s2llg003_180624",404,6822,16716,35,76,256.400611877687,18,175,"lg",875,26250,"Conifer Forest"
"s2llg003_190503",1130,13236,50125,10771,808,503.449215033199,19,123,"lg",2990,89700,"Conifer Forest"
"s2llg003_190530",410,9340,2681,1406,91,24.3929534114034,19,150,"lg",574,17220,"Oak Forest"
"s2llg004_170401",183,2035,8339,8123,156,973.661338309983,17,91,"lg",704,21120,"Herbaceous"
"s2llg004_170414",108,4921,4389,4614,960,763.942891000041,17,104,"lg",583,17490,"Oak Forest"
"s2llg004_170418",532,2158,18831,966,626,512.617180119496,17,108,"lg",886,26580,"Oak Forest"
"s2llg004_170506",135,4148,6795,15,12,819.143303727867,17,126,"lg",399,11970,"Conifer Forest"
"s2llg004_170516",1378,1017,1354,2313,63,819.143303727867,17,136,"lg",542,16260,"Conifer Forest"
"s2llg004_170520",1621,3229,388,915,42,1.3863365209485,17,140,"lg",422,12660,"Oak Forest"
"s2llg004_170527",789,1407,5000,3529,46,211.492223084531,17,147,"lg",468,14040,"Herbaceous"
"s2llg004_170606",389,4744,6214,1509,854,438.243637563168,17,157,"lg",570,17100,"Conifer Forest"
"s2llg004_170613",744,3628,4812,518,34,82.9418267615995,17,164,"lg",417,12510,"Conifer Forest"
"s2llg004_170616",796,5182,7951,505,73,69.1672703881094,17,167,"lg",606,18180,"Oak Forest"
"s2llg004_170627",2686,1198,8227,164,58,273.221969904797,17,178,"lg",561,16830,"Shrub"
"s2llg004_170705",461,4418,4585,361,184,829.751736893667,17,186,"lg",421,12630,"Oak Forest"
"s2llg004_170804",1809,25092,23834,11629,390,953.023427723056,17,216,"lg",2731,81930,"Oak Forest"
"s2llg004_171210",8507,2599,3816,2636,243,35.9258692083732,17,344,"lg",988,29640,"Urban/Developed"
"s2llg004_180126",23915,5210,1309,2668,48,77.4022396195605,18,26,"lg",1725,51750,"Herbaceous"
"s2llg004_180414",780,6676,3492,2307,103,799.756577378626,18,104,"lg",560,16800,"Herbaceous"
"s2llg004_180425",1647,5863,897,2975,201,532.310894394245,18,115,"lg",556,16680,"Riparian/Wetland"
"s2llg004_180502",1060,7177,5319,10502,259,78.6881734934539,18,122,"lg",1001,30030,"Oak Forest"
"s2llg004_180523",206,5544,6786,10567,483,245.061352519488,18,143,"lg",1224,36720,"Oak Forest"
"s2llg004_190414",115,1526,8436,4721,491,289.434854247337,19,104,"lg",571,17130,"Herbaceous"
"s2llg004_190503",271,2619,13258,2430,134,271.6641861099,19,123,"lg",697,20910,"Shrub"
"s2llg004_190530",150,7619,8261,12,124,833.240014962571,19,150,"lg",573,17190,"Oak Forest"
"s2llg005_170401",241,698,17283,628,362,1096.21593828704,17,91,"lg",705,21150,"Oak Forest"
"s2llg005_170408",165,977,5593,550,24,129.699676858271,17,98,"lg",414,12420,"Conifer Forest"
"s2llg005_170415",64,1343,3913,5179,2486,637.774748515572,17,105,"lg",473,14190,"Herbaceous"
"s2llg005_170422",126,1590,5940,2941,158,110.169159420993,17,112,"lg",433,12990,"Conifer Forest"
"s2llg005_170430",3186,3068,6463,10870,37835,112.452595588678,17,120,"lg",2305,69150,"Conifer Forest"
"s2llg005_170527",242,1498,10307,479,153,104.20755193033,17,147,"lg",466,13980,"Oak Forest"
"s2llg005_170627",184,1435,11905,380,186,80.6918975506487,17,178,"lg",520,15600,"Oak Forest"
"s2llg005_170705",1620,1246,4464,532,65,989.565269059711,17,186,"lg",426,12780,"Herbaceous"
"s2llg005_170811",2098,723,3472,362,26,26.5159989061306,17,223,"lg",415,12450,"Urban/Developed"
"s2llg005_180331",1667,927,6310,3861,58,509.410760720826,18,90,"lg",551,16530,"Oak Forest"
"s2llg005_180414",227,3610,5320,3452,966,1083.54604734173,18,104,"lg",568,17040,"Oak Forest"
"s2llg005_180425",494,12663,501,1060,62,123.402306352649,18,115,"lg",563,16890,"Herbaceous"
"s2llg005_180502",550,6310,17433,808,158,395.053028772284,18,122,"lg",1000,30000,"Oak Forest"
"s2llg005_180517",262,9537,4372,225,156,173.149938056541,18,137,"lg",546,16380,"Oak Forest"
"s2llg005_180522",189,5691,3953,430,921,58.6527716857018,18,142,"lg",441,13230,"Herbaceous"
"s2llg005_180624",926,1879,7416,6251,296,510.501208647126,18,175,"lg",870,26100,"Conifer Forest"
"s2llg005_190414",98,2480,11069,1493,333,404.014574631784,19,104,"lg",569,17070,"Oak Forest"
"s2llg005_190503",353,5218,8861,2527,111,136.667027875706,19,123,"lg",699,20970,"Oak Forest"
"s2llg005_190521",127,4288,4692,838,74,1099.12641233599,19,141,"lg",425,12750,"Oak Forest"
"s2llg005_190530",275,3288,9867,921,119,986.938113403034,19,150,"lg",572,17160,"Herbaceous"
"s2llg006_170404",140,278,7725,2752,421,443.820936664436,17,94,"lg",435,13050,"Conifer Forest"
"s2llg006_170415",83,1554,5040,3331,2122,522.8934053715,17,105,"lg",445,13350,"Oak Forest"
"s2llg006_170422",225,2463,691,379,41,271.354848819681,17,112,"lg",405,12150,"Conifer Forest"
"s2llg006_170430",123,3337,6416,2570,181,450.011306051393,17,120,"lg",562,16860,"Oak Forest"
"s2llg006_170506",51,4706,4018,2045,39,344.244600823158,17,126,"lg",417,12510,"Herbaceous"
"s2llg006_170516",107,31,6949,472,1651,257.403587778798,17,136,"lg",569,17070,"Conifer Forest"
"s2llg006_170527",107,1833,7916,1935,103,400.410930702441,17,147,"lg",460,13800,"Oak Forest"
"s2llg006_170613",187,3585,10469,567,80,36.5075946990995,17,164,"lg",577,17310,"Oak Forest"
"s2llg006_170708",1425,9337,50943,9627,300,939.662305399289,17,189,"lg",2882,86460,"Oak Forest"
"s2llg006_180331",777,2182,4900,879,51,657.941007342273,18,90,"lg",429,12870,"Oak Forest"
"s2llg006_180414",3498,1428,2052,3220,893,97.0926736001279,18,104,"lg",580,17400,"Conifer Forest"
"s2llg006_180425",1664,5753,1560,2731,107,498.393900230651,18,115,"lg",551,16530,"Riparian/Wetland"
"s2llg006_180502",1058,13070,10619,344,215,827.689656362261,18,122,"lg",1002,30060,"Oak Forest"
"s2llg006_180519",55,4976,7310,5616,1501,232.867618203233,18,139,"lg",721,21630,"Oak Forest"
"s2llg006_180526",61,2214,3251,78,33,822.575780522221,18,146,"lg",213,6390,"Shrub"
"s2llg006_180624",558,3324,17240,1215,159,79.9304411220784,18,175,"lg",864,25920,"Oak Forest"
"s2llg006_190414",87,1449,8339,1921,2700,401.540790755122,19,104,"lg",566,16980,"Oak Forest"
"s2llg006_190521",75,4289,4449,1738,86,802.060855507342,19,141,"lg",419,12570,"Herbaceous"
"s2llg006_190530",314,3382,8196,837,197,67.3749038570774,19,150,"lg",572,17160,"Oak Forest"
"s2llg007_170401",563,3557,12090,1400,165,80.4323634742831,17,91,"lg",709,21270,"Conifer Forest"
"s2llg007_170414",148,3948,8779,1583,386,591.930205817103,17,104,"lg",583,17490,"Shrub"
"s2llg007_170418",33,1939,516,2306,75,584.188528598858,17,108,"lg",426,12780,"Conifer Forest"
"s2llg007_170422",182,2289,7830,959,34,564.968644385424,17,112,"lg",413,12390,"Oak Forest"
"s2llg007_170430",319,6201,1057,5551,117,287.86623205737,17,120,"lg",561,16830,"Herbaceous"
"s2llg007_170506",203,2688,7234,100,91,242.34066091557,17,126,"lg",418,12540,"Oak Forest"
"s2llg007_170516",264,1326,448,3779,71,478.989684183771,17,136,"lg",569,17070,"Oak Forest"
"s2llg007_170520",322,3305,50,1284,26,521.72093078314,17,140,"lg",409,12270,"Oak Forest"
"s2llg007_170527",273,3796,7504,299,80,10.4465104674609,17,147,"lg",442,13260,"Oak Forest"
"s2llg007_170606",1911,2286,7478,3795,3170,309.004829054748,17,157,"lg",880,26400,"Herbaceous"
"s2llg007_170613",375,5176,7205,1112,240,38.5920224308655,17,164,"lg",581,17430,"Oak Forest"
"s2llg007_170627",481,1064,10473,1596,43,939.662305399289,17,178,"lg",552,16560,"Oak Forest"
"s2llg007_170718",3272,2505,1600,2526,38,212.398259621962,17,199,"lg",582,17460,"Agriculture/Barren"
"s2llg007_170728",1487,11716,45282,5652,360,1366.46417958529,17,209,"lg",2717,81510,"Conifer Forest"
"s2llg007_180330",828,2563,9092,4334,84,394.957224050094,18,89,"lg",707,21210,"Oak Forest"
"s2llg007_180414",6679,1454,2249,3408,285,60.823554214253,18,104,"lg",565,16950,"Oak Forest"
"s2llg007_180425",962,8875,2637,530,34,385.958945753686,18,115,"lg",562,16860,"Riparian/Wetland"
"s2llg007_180502",446,8451,16244,867,182,990.808852643992,18,122,"lg",1003,30090,"Herbaceous"
"s2llg007_180524",187,5210,7252,747,146,23.0687868658496,18,144,"lg",688,20640,"Oak Forest"
"s2llg007_180614",865,1447,12294,5074,44,609.14207999441,18,165,"lg",858,25740,"Oak Forest"
"s2llg007_190521",108,3991,6343,256,113,418.099785361014,19,141,"lg",425,12750,"Oak Forest"
"s2llg007_190619",210,5836,4241,494,57,86.4281097736383,19,170,"lg",420,12600,"Conifer Forest"
"s2llg008_170401",226,2386,13733,692,2457,1350.70379911419,17,91,"lg",701,21030,"Conifer Forest"
"s2llg008_170415",112,1424,256,4767,125,664.837583534656,17,105,"lg",470,14100,"Oak Forest"
"s2llg008_170422",163,1975,9408,167,40,709.317641496468,17,112,"lg",417,12510,"Shrub"
"s2llg008_170506",109,1934,7036,639,42,240.057323118463,17,126,"lg",416,12480,"Herbaceous"
"s2llg008_170516",203,3881,6240,3151,18,59.7935276541347,17,136,"lg",547,16410,"Herbaceous"
"s2llg008_170520",351,4382,5480,151,98,14.5810017172853,17,140,"lg",425,12750,"Oak Forest"
"s2llg008_170527",103,1243,8349,2313,88,343.814103070727,17,147,"lg",459,13770,"Oak Forest"
"s2llg008_170606",241,681,11472,1694,741,481.799294334599,17,157,"lg",566,16980,"Oak Forest"
"s2llg008_170616",186,5585,7616,325,765,27.0865703329947,17,167,"lg",593,17790,"Oak Forest"
"s2llg008_170627",131,2848,13101,9,13,255.363758956013,17,178,"lg",564,16920,"Conifer Forest"
"s2llg008_170705",155,3057,5560,462,83,888.116115390127,17,186,"lg",426,12780,"Oak Forest"
"s2llg008_170711",986,4781,6455,55,124,100.396415145705,17,192,"lg",575,17250,"Oak Forest"
"s2llg008_170804",307,1497,20704,1220,214,1072.93094454199,17,216,"lg",1039,31170,"Oak Forest"
"s2llg008_180330",943,195,603,7558,28,332.939738908021,18,89,"lg",714,21420,"Oak Forest"
"s2llg008_180414",138,1435,165,10547,353,123.247355613805,18,104,"lg",552,16560,"Conifer Forest"
"s2llg008_180425",216,8676,5711,181,191,342.118454783379,18,115,"lg",564,16920,"Oak Forest"
"s2llg008_180502",448,12185,13162,337,99,880.107013376498,18,122,"lg",1001,30030,"Oak Forest"
"s2llg008_180524",424,4309,9100,2240,100,99.2336195072296,18,144,"lg",690,20700,"Conifer Forest"
"s2llg008_180614",186,4610,12156,6124,436,467.908065356229,18,165,"lg",878,26340,"Conifer Forest"
"s2llg008_190414",1419,1268,2438,2336,6678,37.9814716149658,19,104,"lg",569,17070,"Oak Forest"
"s2llg008_190503",484,1404,14953,632,127,205.748489316237,19,123,"lg",701,21030,"Oak Forest"
"s2llg008_190521",238,3498,2309,4519,114,975.069502740131,19,141,"lg",431,12930,"Herbaceous"
"s2llg008_190530",630,6165,7025,154,93,884.656432836722,19,150,"lg",571,17130,"Oak Forest"
"s2llg009_170415",85,1556,5011,1651,980,800.853627646006,17,105,"lg",452,13560,"Herbaceous"
"s2llg009_170418",55,1794,7033,1442,17,479.620775886905,17,108,"lg",401,12030,"Oak Forest"
"s2llg009_170422",119,956,890,1939,41,390.275266248918,17,112,"lg",398,11940,"Oak Forest"
"s2llg009_170430",189,3162,10149,834,185,396.377378604627,17,120,"lg",566,16980,"Oak Forest"
"s2llg009_170506",108,1961,3394,1109,15,819.143303727867,17,126,"lg",417,12510,"Conifer Forest"
"s2llg009_170509",2061,189,0,12327,3,54.502530900033,17,129,"lg",577,17310,"Oak Forest"
"s2llg009_170516",1506,3801,106,3317,18,650.035151262653,17,136,"lg",568,17040,"Herbaceous"
"s2llg009_170520",437,4452,2355,413,16,14.8141874786364,17,140,"lg",409,12270,"Oak Forest"
"s2llg009_170606",856,1850,8300,1444,502,486.311972613264,17,157,"lg",567,17010,"Herbaceous"
"s2llg009_170613",1581,6830,35031,2839,343,1366.46417958529,17,164,"lg",1997,59910,"Conifer Forest"
"s2llg009_170630",347,1904,9064,1859,243,257.162191157083,17,181,"lg",566,16980,"Oak Forest"
"s2llg009_170705",454,551,8556,333,490,777.019613382637,17,186,"lg",425,12750,"Shrub"
"s2llg009_170711",11138,773,205,1069,11,66.9451428094308,17,192,"lg",561,16830,"Herbaceous"
"s2llg009_170718",7674,876,533,3225,9,122.4604591427,17,199,"lg",576,17280,"Agriculture/Barren"
"s2llg009_180409",127,2387,537,505,167,302.501113440264,18,99,"lg",369,11070,"Oak Forest"
"s2llg009_180414",72,42,9080,370,2362,50.8042146006597,18,104,"lg",561,16830,"Conifer Forest"
"s2llg009_180502",360,4556,19421,1018,385,780.90309345547,18,122,"lg",1005,30150,"Shrub"
"s2llg009_180519",90,3205,8349,1643,273,124.386410586678,18,139,"lg",721,21630,"Oak Forest"
"s2llg009_180526",265,10132,6092,1107,128,501.98911734727,18,146,"lg",717,21510,"Oak Forest"
"s2llg009_180624",1208,2276,12802,3320,135,140.123017658503,18,175,"lg",865,25950,"Oak Forest"
"s2llg009_190414",82,4671,255,6931,320,84.7922189391492,19,104,"lg",571,17130,"Conifer Forest"
"s2llg009_190503",125,4969,14439,73,306,257.899485447847,19,123,"lg",709,21270,"Conifer Forest"
"s2llg009_190521",88,6520,2794,658,106,211.148234291131,19,141,"lg",425,12750,"Conifer Forest"
"s2llg009_190530",382,2143,8586,2250,270,775.452228737941,19,150,"lg",575,17250,"Shrub"
"s2llg010_170404",113,560,7780,2834,446,270.993107897053,17,94,"lg",434,13020,"Conifer Forest"
"s2llg010_170408",151,3942,4131,212,20,231.497252957998,17,98,"lg",420,12600,"Conifer Forest"
"s2llg010_170415",91,1684,6574,2661,1255,325.711384845206,17,105,"lg",459,13770,"Oak Forest"
"s2llg010_170418",67,2593,6375,1444,153,301.490708004781,17,108,"lg",401,12030,"Herbaceous"
"s2llg010_170422",104,3268,6973,888,38,242.357734579127,17,112,"lg",411,12330,"Shrub"
"s2llg010_170430",125,2765,11462,165,68,413.32133487529,17,120,"lg",561,16830,"Oak Forest"
"s2llg010_170506",97,1656,7230,1095,51,315.917315471376,17,126,"lg",404,12120,"Shrub"
"s2llg010_170509",156,5252,8157,970,199,715.170238588528,17,129,"lg",573,17190,"Oak Forest"
"s2llg010_170516",285,1012,88,4283,3,305.209357618666,17,136,"lg",548,16440,"Conifer Forest"
"s2llg010_170527",226,2285,8478,897,88,200.252372913877,17,147,"lg",456,13680,"Oak Forest"
"s2llg010_170616",526,3129,33772,5186,144,939.662305399289,17,167,"lg",1591,47730,"Oak Forest"
"s2llg010_170630",638,1865,7001,4187,43,423.014841692037,17,181,"lg",580,17400,"Oak Forest"
"s2llg010_170705",168,872,8503,1632,115,588.944979793207,17,186,"lg",441,13230,"Oak Forest"
"s2llg010_170711",10885,886,405,389,24,69.9719308481422,17,192,"lg",573,17190,"Oak Forest"
"s2llg010_180502",511,6383,13776,1697,252,590.296798932057,18,122,"lg",1006,30180,"Oak Forest"
"s2llg010_180624",292,2000,14570,4747,449,274.53242098678,18,175,"lg",871,26130,"Shrub"
"s2llg010_190530",464,3432,9527,495,481,591.134839939977,19,150,"lg",576,17280,"Oak Forest"
"s2llg010_190619",227,1810,3377,2966,286,716.8012991758,19,170,"lg",416,12480,"Conifer Forest"
