"site","n_min","nearRoad_m","Recorder","YY","MM","firstDay","firstDate","LULC"
"s2lam001_180526",702,660.45299070184,"am",18,5,26,"2018-5-26","Shrubland"
"s2lam001_180604",715,1412.48404642263,"am",18,6,4,"2018-6-4","Riparian/Wetland"
"s2lam001_180707",362,95.349291458648,"am",18,7,7,"2018-7-7","Herbaceous"
"s2lam001_190401",462,98.2493155337631,"am",19,4,1,"2019-4-1","Agriculture/Barren"
"s2lam001_190409",308,180.001399311402,"am",19,4,9,"2019-4-9","Riparian/Wetland"
"s2lam001_190416",596,258.488973421387,"am",19,4,16,"2019-4-16","Herbaceous"
"s2lam001_190520",420,51.0654021769721,"am",19,5,20,"2019-5-20","Conifer Forest"
"s2lam001_200616",305,183.918000112534,"am",20,6,16,"2020-6-16","Oak/Hardwood Forest"
"s2lam001_200702",568,178.400189032505,"am",20,7,2,"2020-7-2","Oak/Hardwood Forest"
"s2lam002_180707",41,117.179017900635,"am",18,7,7,"2018-7-7","Conifer Forest"
"s2lam002_190304",580,164.231706577501,"am",19,3,4,"2019-3-4","Shrubland"
"s2lam002_190329",422,21.9352974324662,"am",19,3,29,"2019-3-29","Urban/Developed"
"s2lam002_190406",564,115.28232114736,"am",19,4,6,"2019-4-6","Herbaceous"
"s2lam002_190413",749,1140.70662088838,"am",19,4,13,"2019-4-13","Conifer Forest"
"s2lam002_190524",434,54.8529924042755,"am",19,5,24,"2019-5-24","Urban/Developed"
"s2lam002_190604",435,754.466322016831,"am",19,6,4,"2019-6-4","Oak/Hardwood Forest"
"s2lam002_190614",575,143.889422026721,"am",19,6,14,"2019-6-14","Conifer Forest"
"s2lam002_190621",426,106.639936787406,"am",19,6,21,"2019-6-21","Conifer Forest"
"s2lam002_200522",877,291.035027266586,"am",20,5,22,"2020-5-22","Herbaceous"
"s2lam002_200616",712,39.4334953059186,"am",20,6,16,"2020-6-16","Herbaceous"
"s2lam002_200630",428,64.8229590717051,"am",20,6,30,"2020-6-30","Herbaceous"
"s2lam003_180604",713,942.205202126895,"am",18,6,4,"2018-6-4","Conifer Forest"
"s2lam003_180707",994,90.342023701565,"am",18,7,7,"2018-7-7","Conifer Forest"
"s2lam003_190304",574,240.379790036004,"am",19,3,4,"2019-3-4","Shrubland"
"s2lam003_190406",567,201.573067974995,"am",19,4,6,"2019-4-6","Oak/Hardwood Forest"
"s2lam003_190413",757,703.716203914182,"am",19,4,13,"2019-4-13","Conifer Forest"
"s2lam003_190510",580,488.593244456372,"am",19,5,10,"2019-5-10","Riparian/Wetland"
"s2lam003_190523",661,33.3508390172916,"am",19,5,23,"2019-5-23","Urban/Developed"
"s2lam003_190601",666,123.257130159186,"am",19,6,1,"2019-6-1","Conifer Forest"
"s2lam003_190610",424,663.071761526842,"am",19,6,10,"2019-6-10","Oak/Hardwood Forest"
"s2lam003_190623",430,381.540045076437,"am",19,6,23,"2019-6-23","Conifer Forest"
"s2lam003_200522",855,543.768007495178,"am",20,5,22,"2020-5-22","Conifer Forest"
"s2lam003_200616",707,132.347105715313,"am",20,6,16,"2020-6-16","Oak/Hardwood Forest"
"s2lam003_200702",569,514.465112336118,"am",20,7,2,"2020-7-2","Oak/Hardwood Forest"
"s2lam005_180604",715,1212.90722173946,"am",18,6,4,"2018-6-4","Herbaceous"
"s2lam005_180707",989,69.8973764792529,"am",18,7,7,"2018-7-7","Herbaceous"
"s2lam005_190304",578,68.0711461442255,"am",19,3,4,"2019-3-4","Oak/Hardwood Forest"
"s2lam006_180604",704,11.288778603178,"am",18,6,4,"2018-6-4","Oak/Hardwood Forest"
"s2lam006_180707",1004,250.181875201458,"am",18,7,7,"2018-7-7","Conifer Forest"
"s2lam006_190311",461,58.7427088283355,"am",19,3,11,"2019-3-11","Herbaceous"
"s2lam006_190324",1110,19.3396802962491,"am",19,3,24,"2019-3-24","Urban/Developed"
"s2lam006_190410",974,22.0597347534438,"am",19,4,10,"2019-4-10","Urban/Developed"
"s2lam006_190421",520,38.7797503574562,"am",19,4,21,"2019-4-21","Herbaceous"
"s2lam006_190602",532,60.7351629773032,"am",19,6,2,"2019-6-2","Conifer Forest"
"s2lam006_190610",427,187.333695271478,"am",19,6,10,"2019-6-10","Conifer Forest"
"s2lam006_200522",857,364.083140660329,"am",20,5,22,"2020-5-22","Conifer Forest"
"s2lam006_200708",565,1049.50781479772,"am",20,7,8,"2020-7-8","Herbaceous"
"s2lam007_180702",569,130.297104741795,"am",18,7,2,"2018-7-2","Herbaceous"
"s2lam007_180707",973,130.381192861138,"am",18,7,7,"2018-7-7","Herbaceous"
"s2lam007_190304",578,293.082109139869,"am",19,3,4,"2019-3-4","Conifer Forest"
"s2lam007_190403",576,104.175366167387,"am",19,4,3,"2019-4-3","Herbaceous"
"s2lam007_190419",715,133.902570245826,"am",19,4,19,"2019-4-19","Herbaceous"
"s2lam007_190510",721,52.9011864513865,"am",19,5,10,"2019-5-10","Herbaceous"
"s2lam007_190530",708,50.0250208627863,"am",19,5,30,"2019-5-30","Conifer Forest"
"s2lam007_190605",598,512.598823359557,"am",19,6,5,"2019-6-5","Agriculture/Barren"
"s2lam007_190614",568,113.093411979271,"am",19,6,14,"2019-6-14","Conifer Forest"
"s2lam007_190627",434,1375.35628428709,"am",19,6,27,"2019-6-27","Oak/Hardwood Forest"
"s2lam008_180612",1284,1045.19307101499,"am",18,6,12,"2018-6-12","Oak/Hardwood Forest"
"s2lam008_180707",997,138.388880554806,"am",18,7,7,"2018-7-7","Conifer Forest"
"s2lam008_190311",459,109.423577654979,"am",19,3,11,"2019-3-11","Herbaceous"
"s2lam008_190401",463,147.910781273874,"am",19,4,1,"2019-4-1","Agriculture/Barren"
"s2lam008_190422",459,152.366106401144,"am",19,4,22,"2019-4-22","Shrubland"
"s2lam008_190528",417,48.3128606891579,"am",19,5,28,"2019-5-28","Herbaceous"
"s2lam008_190611",688,34.9208577039676,"am",19,6,11,"2019-6-11","Oak/Hardwood Forest"
"s2lam008_200522",857,801.330031315899,"am",20,5,22,"2020-5-22","Herbaceous"
"s2lam008_200616",707,185.781951616755,"am",20,6,16,"2020-6-16","Oak/Hardwood Forest"
"s2lam008_200702",570,355.449232368469,"am",20,7,2,"2020-7-2","Oak/Hardwood Forest"
"s2lam009_180604",711,1532.44138945569,"am",18,6,4,"2018-6-4","Conifer Forest"
"s2lam009_180707",1001,149.205748799852,"am",18,7,7,"2018-7-7","Conifer Forest"
"s2lam009_190312",426,208.575734341734,"am",19,3,12,"2019-3-12","Conifer Forest"
"s2lam009_190403",574,74.4652458854687,"am",19,4,3,"2019-4-3","Herbaceous"
"s2lam010_180604",158,186.093288656868,"am",18,6,4,"2018-6-4","Conifer Forest"
"s2lam010_180707",1329,45.4394209515557,"am",18,7,7,"2018-7-7","Herbaceous"
"s2lam010_190311",145,191.151896055927,"am",19,3,11,"2019-3-11","Herbaceous"
"s2lam010_190324",879,590.212965384353,"am",19,3,24,"2019-3-24","Conifer Forest"
"s2lam010_190406",564,141.438601171056,"am",19,4,6,"2019-4-6","Oak/Hardwood Forest"
"s2lam010_190416",600,78.0467346294622,"am",19,4,16,"2019-4-16","Shrubland"
"s2lam010_200710",527,3075.51167319424,"am",20,7,10,"2020-7-10","Conifer Forest"
"s2lam011_180604",698,745.02296940916,"am",18,6,4,"2018-6-4","Herbaceous"
"s2lam011_180707",992,75.775871143162,"am",18,7,7,"2018-7-7","Conifer Forest"
"s2lam011_190311",456,233.548414248694,"am",19,3,11,"2019-3-11","Herbaceous"
"s2lam011_190324",880,564.434277304799,"am",19,3,24,"2019-3-24","Conifer Forest"
"s2lam011_190407",596,252.16485104422,"am",19,4,7,"2019-4-7","Herbaceous"
"s2lam011_190416",596,266.808467745285,"am",19,4,16,"2019-4-16","Herbaceous"
"s2lam011_190510",577,126.049842514424,"am",19,5,10,"2019-5-10","Conifer Forest"
"s2lam011_190520",425,223.67922810405,"am",19,5,20,"2019-5-20","Conifer Forest"
"s2lam011_190529",567,1629.83997033794,"am",19,5,29,"2019-5-29","Herbaceous"
"s2lam011_190604",446,291.983233182307,"am",19,6,4,"2019-6-4","Oak/Hardwood Forest"
"s2lam011_200522",854,495.393891270569,"am",20,5,22,"2020-5-22","Conifer Forest"
"s2lam011_200624",403,177.099587506987,"am",20,6,24,"2020-6-24","Conifer Forest"
"s2lam011_200710",568,2285.23474859971,"am",20,7,10,"2020-7-10","Oak/Hardwood Forest"
"s2lam012_180624",870,510.501208647126,"am",18,6,24,"2018-6-24","Conifer Forest"
"s2lam012_180702",570,48.3098819071158,"am",18,7,2,"2018-7-2","Herbaceous"
"s2lam012_180707",992,83.4407154446652,"am",18,7,7,"2018-7-7","Conifer Forest"
"s2lam012_190311",458,134.191022090039,"am",19,3,11,"2019-3-11","Herbaceous"
"s2lam012_190326",572,229.637729842653,"am",19,3,26,"2019-3-26","Oak/Hardwood Forest"
"s2lam012_190402",711,70.7423142958192,"am",19,4,2,"2019-4-2","Oak/Hardwood Forest"
"s2lam012_190419",698,377.159887752513,"am",19,4,19,"2019-4-19","Herbaceous"
"s2lam013_180624",865,140.123017658503,"am",18,6,24,"2018-6-24","Oak/Hardwood Forest"
"s2lam013_180702",565,9.97131873698305,"am",18,7,2,"2018-7-2","Herbaceous"
"s2lam013_180707",985,119.742867820369,"am",18,7,7,"2018-7-7","Shrubland"
"s2lam013_190311",455,292.552702166361,"am",19,3,11,"2019-3-11","Herbaceous"
"s2lam013_190324",881,373.149615425244,"am",19,3,24,"2019-3-24","Conifer Forest"
"s2lam013_190419",702,784.820658048323,"am",19,4,19,"2019-4-19","Conifer Forest"
"s2lam013_200522",856,1165.07301641845,"am",20,5,22,"2020-5-22","Oak/Hardwood Forest"
"s2lam013_200616",703,155.217283624849,"am",20,6,16,"2020-6-16","Oak/Hardwood Forest"
"s2lam013_200702",571,231.931033003354,"am",20,7,2,"2020-7-2","Oak/Hardwood Forest"
"s2lam014_180604",712,1342.08526091656,"am",18,6,4,"2018-6-4","Conifer Forest"
"s2lam014_180707",1004,67.5478441502955,"am",18,7,7,"2018-7-7","Conifer Forest"
"s2lam014_190315",590,142.579837072999,"am",19,3,15,"2019-3-15","Oak/Hardwood Forest"
"s2lam014_190402",722,231.05479731537,"am",19,4,2,"2019-4-2","Conifer Forest"
"s2lam014_190414",709,426.635114914148,"am",19,4,14,"2019-4-14","Oak/Hardwood Forest"
"s2lam014_190428",430,350.992952701584,"am",19,4,28,"2019-4-28","Oak/Hardwood Forest"
"s2lam014_190513",997,19.2393021410286,"am",19,5,13,"2019-5-13","Conifer Forest"
"s2lam015_180707",989,50.4789694232624,"am",18,7,7,"2018-7-7","Conifer Forest"
"s2lam015_190311",454,123.402296849159,"am",19,3,11,"2019-3-11","Herbaceous"
"s2lam015_190324",878,874.448640251802,"am",19,3,24,"2019-3-24","Conifer Forest"
"s2lam015_190402",723,216.548428869416,"am",19,4,2,"2019-4-2","Conifer Forest"
"s2lam015_190409",307,146.894858694432,"am",19,4,9,"2019-4-9","Riparian/Wetland"
"s2lam015_190418",299,153.459260673814,"am",19,4,18,"2019-4-18","Oak/Hardwood Forest"
"s2lam015_190427",423,61.6846925319418,"am",19,4,27,"2019-4-27","Shrubland"
"s2lam015_190612",553,46.2954751546951,"am",19,6,12,"2019-6-12","Conifer Forest"
"s2lam015_200522",857,418.651294736008,"am",20,5,22,"2020-5-22","Conifer Forest"
"s2lam015_200603",1007,492.173424697986,"am",20,6,3,"2020-6-3","Conifer Forest"
"s2lam016_180707",968,63.300683435941,"am",18,7,7,"2018-7-7","Conifer Forest"
"s2lam016_190312",428,271.118260397199,"am",19,3,12,"2019-3-12","Conifer Forest"
"s2lam016_190326",583,178.875452373574,"am",19,3,26,"2019-3-26","Oak/Hardwood Forest"
"s2lam016_190402",248,302.450617463755,"am",19,4,2,"2019-4-2","Conifer Forest"
"s2lam016_190617",437,167.195685010869,"am",19,6,17,"2019-6-17","Conifer Forest"
"s2lam016_190627",420,1001.37401793843,"am",19,6,27,"2019-6-27","Oak/Hardwood Forest"
"s2lam016_200522",872,122.273129864292,"am",20,5,22,"2020-5-22","Conifer Forest"
"s2lam016_200610",1706,504.399494329278,"am",20,6,10,"2020-6-10","Oak/Hardwood Forest"
"s2lam016_200701",579,155.001484640897,"am",20,7,1,"2020-7-1","Herbaceous"
"s2lam017_180702",570,26.6184238021153,"am",18,7,2,"2018-7-2","Herbaceous"
"s2lam017_180707",980,334.653365313265,"am",18,7,7,"2018-7-7","Conifer Forest"
"s2lam017_190311",450,207.747473170872,"am",19,3,11,"2019-3-11","Herbaceous"
"s2lam017_200701",564,236.501170225757,"am",20,7,1,"2020-7-1","Shrubland"
"s2lam018_180612",1277,176.394455863862,"am",18,6,12,"2018-6-12","Herbaceous"
"s2lam018_180707",989,171.00504023082,"am",18,7,7,"2018-7-7","Conifer Forest"
"s2lam018_190312",425,67.8155628520411,"am",19,3,12,"2019-3-12","Shrubland"
"s2lam018_190326",574,195.06260357913,"am",19,3,26,"2019-3-26","Conifer Forest"
"s2lam018_190402",721,240.120869018768,"am",19,4,2,"2019-4-2","Conifer Forest"
"s2lam018_190412",582,572.593133749674,"am",19,4,12,"2019-4-12","Riparian/Wetland"
"s2lam018_190506",460,182.256289837717,"am",19,5,6,"2019-5-6","Herbaceous"
"s2lam018_190517",865,330.150628992991,"am",19,5,17,"2019-5-17","Herbaceous"
"s2lam019_180707",981,279.399939939868,"am",18,7,7,"2018-7-7","Conifer Forest"
"s2lam019_190311",460,222.320383666712,"am",19,3,11,"2019-3-11","Herbaceous"
"s2lam019_190402",707,114.890017087803,"am",19,4,2,"2019-4-2","Herbaceous"
"s2lam019_190414",710,209.85242951746,"am",19,4,14,"2019-4-14","Oak/Hardwood Forest"
"s2lam019_190428",431,406.834842193205,"am",19,4,28,"2019-4-28","Oak/Hardwood Forest"
"s2lam019_190513",1025,34.3084164980667,"am",19,5,13,"2019-5-13","Conifer Forest"
"s2lam019_190522",854,111.906468852511,"am",19,5,22,"2019-5-22","Herbaceous"
"s2lam019_190603",562,79.7709789492594,"am",19,6,3,"2019-6-3","Oak/Hardwood Forest"
"s2lam019_200522",852,1353.63521213723,"am",20,5,22,"2020-5-22","Conifer Forest"
"s2lam019_200624",416,166.224703297733,"am",20,6,24,"2020-6-24","Conifer Forest"
"s2lam019_200710",530,2901.68206963522,"am",20,7,10,"2020-7-10","Oak/Hardwood Forest"
"s2lam020_190529",550,1239.35694122725,"am",19,5,29,"2019-5-29","Oak/Hardwood Forest"
"s2lam020_190607",464,439.93937081797,"am",19,6,7,"2019-6-7","Herbaceous"
"s2lam020_200616",722,1074.03915648115,"am",20,6,16,"2020-6-16","Conifer Forest"
"s2lam020_200630",427,89.8722133175914,"am",20,6,30,"2020-6-30","Herbaceous"
"s2lam021_180707",997,115.228813908854,"am",18,7,7,"2018-7-7","Herbaceous"
"s2lam021_190315",590,101.412801737213,"am",19,3,15,"2019-3-15","Herbaceous"
"s2lam021_190611",566,148.556841232808,"am",19,6,11,"2019-6-11","Oak/Hardwood Forest"
"s2lam021_190621",459,1005.16055972941,"am",19,6,21,"2019-6-21","Conifer Forest"
"s2lam021_200522",854,973.40510349342,"am",20,5,22,"2020-5-22","Herbaceous"
"s2lam021_200617",422,60.7769814705227,"am",20,6,17,"2020-6-17","Oak/Hardwood Forest"
"s2lam021_200624",408,260.729341644491,"am",20,6,24,"2020-6-24","Conifer Forest"
"s2lam021_200710",572,2590.31968653833,"am",20,7,10,"2020-7-10","Conifer Forest"
"s2lam022_190319",847,535.875332655544,"am",19,3,19,"2019-3-19","Herbaceous"
"s2lam022_190412",429,492.29692326244,"am",19,4,12,"2019-4-12","Oak/Hardwood Forest"
"s2lam022_190422",459,272.851701210053,"am",19,4,22,"2019-4-22","Conifer Forest"
"s2lam022_190527",751,279.812975990292,"am",19,5,27,"2019-5-27","Conifer Forest"
"s2lam022_190617",456,132.837366462591,"am",19,6,17,"2019-6-17","Oak/Hardwood Forest"
"s2lam022_200522",875,452.086664178251,"am",20,5,22,"2020-5-22","Oak/Hardwood Forest"
"s2lam022_200616",703,225.43445231208,"am",20,6,16,"2020-6-16","Herbaceous"
"s2lam022_200630",425,41.6237805290357,"am",20,6,30,"2020-6-30","Shrubland"
"s2lam023_190319",170,243.77515145407,"am",19,3,19,"2019-3-19","Herbaceous"
"s2lam023_190419",702,868.070658798676,"am",19,4,19,"2019-4-19","Conifer Forest"
"s2lam023_190506",461,387.122550347825,"am",19,5,6,"2019-5-6","Conifer Forest"
"s2lam023_190521",1854,466.431525742704,"am",19,5,21,"2019-5-21","Oak/Hardwood Forest"
"s2lam023_190605",587,1028.25322209721,"am",19,6,5,"2019-6-5","Conifer Forest"
"s2lam023_190617",436,187.78927860867,"am",19,6,17,"2019-6-17","Conifer Forest"
"s2lam023_190627",433,743.507231559773,"am",19,6,27,"2019-6-27","Conifer Forest"
"s2lam023_200701",567,70.4820069420822,"am",20,7,1,"2020-7-1","Agriculture/Barren"
"s2lam024_190319",842,441.113741206753,"am",19,3,19,"2019-3-19","Herbaceous"
"s2lam024_190411",568,18.2801898053868,"am",19,4,11,"2019-4-11","Herbaceous"
"s2lam024_190427",436,73.1537795381987,"am",19,4,27,"2019-4-27","Oak/Hardwood Forest"
"s2lam024_190513",1026,89.8252609814734,"am",19,5,13,"2019-5-13","Conifer Forest"
"s2lam024_190522",856,393.123605213632,"am",19,5,22,"2019-5-22","Oak/Hardwood Forest"
"s2lam024_190603",561,73.3439986386781,"am",19,6,3,"2019-6-3","Oak/Hardwood Forest"
"s2lam024_190623",604,30.0603839201542,"am",19,6,23,"2019-6-23","Urban/Developed"
"s2lam024_200522",858,943.900101137507,"am",20,5,22,"2020-5-22","Oak/Hardwood Forest"
"s2lam024_200603",1002,887.591543518616,"am",20,6,3,"2020-6-3","Oak/Hardwood Forest"
"s2lam024_200623",132,66.2168238806251,"am",20,6,23,"2020-6-23","Herbaceous"
"s2lam024_200710",566,2458.35035607752,"am",20,7,10,"2020-7-10","Herbaceous"
"s2lam025_190319",850,231.998234831523,"am",19,3,19,"2019-3-19","Herbaceous"
"s2lam025_190411",567,41.9716860817526,"am",19,4,11,"2019-4-11","Oak/Hardwood Forest"
"s2lam025_190428",433,891.345848039653,"am",19,4,28,"2019-4-28","Oak/Hardwood Forest"
"s2lam025_190513",1024,82.7715261235728,"am",19,5,13,"2019-5-13","Conifer Forest"
"s2lam025_190522",851,183.689504911586,"am",19,5,22,"2019-5-22","Oak/Hardwood Forest"
"s2lam025_190603",567,147.541905695946,"am",19,6,3,"2019-6-3","Herbaceous"
"s2lam025_190617",431,253.291501726944,"am",19,6,17,"2019-6-17","Shrubland"
"s2lam025_190627",433,1519.23268701107,"am",19,6,27,"2019-6-27","Conifer Forest"
"s2lam025_200528",867,2254.79670582589,"am",20,5,28,"2020-5-28","Oak/Hardwood Forest"
"s2lam026_190421",733,105.881825705189,"am",19,4,21,"2019-4-21","Oak/Hardwood Forest"
"s2lam026_190505",106,160.386906551578,"am",19,5,5,"2019-5-5","Herbaceous"
"s2lam026_190528",434,88.8156600232505,"am",19,5,28,"2019-5-28","Oak/Hardwood Forest"
"s2lam026_200522",389,399.036283867686,"am",20,5,22,"2020-5-22","Oak/Hardwood Forest"
"s2lam026_200616",389,263.392421569168,"am",20,6,16,"2020-6-16","Oak/Hardwood Forest"
"s2lam026_200702",389,313.982092489163,"am",20,7,2,"2020-7-2","Oak/Hardwood Forest"
"s2lam027_190421",738,127.128146750612,"am",19,4,21,"2019-4-21","Oak/Hardwood Forest"
"s2lam027_190614",571,173.478168540824,"am",19,6,14,"2019-6-14","Conifer Forest"
"s2lam027_200522",851,80.7603588859854,"am",20,5,22,"2020-5-22","Conifer Forest"
"s2lam027_200616",692,261.707814759459,"am",20,6,16,"2020-6-16","Oak/Hardwood Forest"
"s2lam027_200630",422,70.1531353512066,"am",20,6,30,"2020-6-30","Conifer Forest"
"s2lam028_190405",568,210.201568013614,"am",19,4,5,"2019-4-5","Oak/Hardwood Forest"
"s2lam028_190412",581,376.176383399902,"am",19,4,12,"2019-4-12","Riparian/Wetland"
"s2lam028_190421",733,56.7983847911416,"am",19,4,21,"2019-4-21","Oak/Hardwood Forest"
"s2lam028_190602",575,46.268237021957,"am",19,6,2,"2019-6-2","Conifer Forest"
"s2lam028_190610",426,811.386797152302,"am",19,6,10,"2019-6-10","Oak/Hardwood Forest"
"s2lam028_190623",419,44.5660036980359,"am",19,6,23,"2019-6-23","Conifer Forest"
"s2lam029_190506",457,299.782866180459,"am",19,5,6,"2019-5-6","Conifer Forest"
"s2lam029_190520",421,79.9682170150271,"am",19,5,20,"2019-5-20","Herbaceous"
"s2lam029_190529",559,1456.28037544135,"am",19,5,29,"2019-5-29","Oak/Hardwood Forest"
"s2lam029_190604",425,421.523913321574,"am",19,6,4,"2019-6-4","Oak/Hardwood Forest"
"s2lam029_190612",441,62.2802631646748,"am",19,6,12,"2019-6-12","Oak/Hardwood Forest"
"s2lam029_200701",566,173.342326469359,"am",20,7,1,"2020-7-1","Herbaceous"
"s2lam030_190421",1299,334.144936358911,"am",19,4,21,"2019-4-21","Conifer Forest"
"s2lam030_190527",584,45.1722716507463,"am",19,5,27,"2019-5-27","Herbaceous"
"s2lam031_190411",566,18.4723032686408,"am",19,4,11,"2019-4-11","Herbaceous"
"s2lam031_190506",460,314.949174786607,"am",19,5,6,"2019-5-6","Herbaceous"
"s2lam031_190520",426,149.823361104551,"am",19,5,20,"2019-5-20","Herbaceous"
"s2lam031_190603",547,171.014811957988,"am",19,6,3,"2019-6-3","Oak/Hardwood Forest"
"s2lam031_190619",418,631.150395988996,"am",19,6,19,"2019-6-19","Oak/Hardwood Forest"
"s2lam032_190406",570,586.662091791584,"am",19,4,6,"2019-4-6","Oak/Hardwood Forest"
"s2lam032_190412",428,1213.24799653074,"am",19,4,12,"2019-4-12","Oak/Hardwood Forest"
"s2lam032_190422",457,208.137159636713,"am",19,4,22,"2019-4-22","Oak/Hardwood Forest"
"s2lam032_190505",871,541.990128440111,"am",19,5,5,"2019-5-5","Herbaceous"
"s2lam032_190531",416,325.271143876888,"am",19,5,31,"2019-5-31","Shrubland"
"s2lam032_190620",5192,185.933468167983,"am",19,6,20,"2019-6-20","Riparian/Wetland"
"s2lam033_190406",572,475.970439917722,"am",19,4,6,"2019-4-6","Oak/Hardwood Forest"
"s2lam033_190418",295,668.56088767329,"am",19,4,18,"2019-4-18","Oak/Hardwood Forest"
"s2lam033_190511",570,83.0781907881825,"am",19,5,11,"2019-5-11","Oak/Hardwood Forest"
"s2lam033_190522",430,57.7974943241207,"am",19,5,22,"2019-5-22","Oak/Hardwood Forest"
"s2lam033_190603",552,178.856649094119,"am",19,6,3,"2019-6-3","Oak/Hardwood Forest"
"s2lam033_190617",434,107.41052102402,"am",19,6,17,"2019-6-17","Conifer Forest"
"s2lam033_190627",422,1064.32574067541,"am",19,6,27,"2019-6-27","Oak/Hardwood Forest"
"s2lam034_190329",539,344.308459642585,"am",19,3,29,"2019-3-29","Oak/Hardwood Forest"
"s2lam034_190405",613,551.794449978586,"am",19,4,5,"2019-4-5","Oak/Hardwood Forest"
"s2lam034_190413",753,1017.44416785136,"am",19,4,13,"2019-4-13","Conifer Forest"
"s2lam034_190510",575,226.591911846445,"am",19,5,10,"2019-5-10","Conifer Forest"
"s2lam034_190602",562,70.78381164465,"am",19,6,2,"2019-6-2","Oak/Hardwood Forest"
"s2lam034_190610",426,330.281776209338,"am",19,6,10,"2019-6-10","Conifer Forest"
"s2lam034_200701",579,227.502034377149,"am",20,7,1,"2020-7-1","Herbaceous"
"s2lam035_190405",608,567.247188600389,"am",19,4,5,"2019-4-5","Oak/Hardwood Forest"
"s2lam035_190413",762,735.087645963386,"am",19,4,13,"2019-4-13","Conifer Forest"
"s2lam035_190510",583,606.806365208995,"am",19,5,10,"2019-5-10","Conifer Forest"
"s2lam035_190524",410,47.0361638101917,"am",19,5,24,"2019-5-24","Urban/Developed"
"s2lam035_190601",663,48.7211695117507,"am",19,6,1,"2019-6-1","Conifer Forest"
"s2lam035_190612",440,182.250960495333,"am",19,6,12,"2019-6-12","Oak/Hardwood Forest"
"s2lam035_190621",461,1054.62267986645,"am",19,6,21,"2019-6-21","Oak/Hardwood Forest"
"s2lam036_190311",452,305.860100955148,"am",19,3,11,"2019-3-11","Herbaceous"
"s2lam036_190326",581,106.265924775261,"am",19,3,26,"2019-3-26","Conifer Forest"
"s2lam036_190407",589,851.85237208749,"am",19,4,7,"2019-4-7","Herbaceous"
"s2lam036_190416",610,54.9606985797779,"am",19,4,16,"2019-4-16","Oak/Hardwood Forest"
"s2lam036_190427",429,328.89023145978,"am",19,4,27,"2019-4-27","Herbaceous"
"s2lam036_190513",1029,48.9853942051775,"am",19,5,13,"2019-5-13","Herbaceous"
"s2lam036_190530",696,45.9510668901228,"am",19,5,30,"2019-5-30","Conifer Forest"
"s2lam036_190705",597,75.2406848356332,"am",19,7,5,"2019-7-5","Conifer Forest"
"s2lam036_200528",871,1433.32614678782,"am",20,5,28,"2020-5-28","Oak/Hardwood Forest"
"s2lam036_200710",533,2772.72250360193,"am",20,7,10,"2020-7-10","Conifer Forest"
"s2lam037_190312",430,111.959156668301,"am",19,3,12,"2019-3-12","Conifer Forest"
"s2lam037_190405",567,250.454427815855,"am",19,4,5,"2019-4-5","Oak/Hardwood Forest"
"s2lam037_190413",738,1712.6252980976,"am",19,4,13,"2019-4-13","Riparian/Wetland"
"s2lam037_190510",579,81.1251067128812,"am",19,5,10,"2019-5-10","Conifer Forest"
"s2lam037_190520",420,71.0089275370508,"am",19,5,20,"2019-5-20","Shrubland"
"s2lam037_190529",575,1430.7921781297,"am",19,5,29,"2019-5-29","Oak/Hardwood Forest"
"s2lam037_190604",415,149.095304880499,"am",19,6,4,"2019-6-4","Oak/Hardwood Forest"
"s2lam037_190612",441,517.96342270289,"am",19,6,12,"2019-6-12","Oak/Hardwood Forest"
"s2lam037_190621",462,721.04022970774,"am",19,6,21,"2019-6-21","Conifer Forest"
"s2lam037_200522",857,663.229775230866,"am",20,5,22,"2020-5-22","Oak/Hardwood Forest"
"s2lam037_200603",991,80.616073996119,"am",20,6,3,"2020-6-3","Oak/Hardwood Forest"
"s2lam038_190318",429,54.4903129690497,"am",19,3,18,"2019-3-18","Shrubland"
"s2lam038_190329",719,203.593082420144,"am",19,3,29,"2019-3-29","Herbaceous"
"s2lam038_190412",579,404.229458067074,"am",19,4,12,"2019-4-12","Riparian/Wetland"
"s2lam038_190421",622,354.060950842113,"am",19,4,21,"2019-4-21","Oak/Hardwood Forest"
"s2lam038_190527",582,82.2221715849267,"am",19,5,27,"2019-5-27","Oak/Hardwood Forest"
"s2lam038_190614",568,164.1359492558,"am",19,6,14,"2019-6-14","Oak/Hardwood Forest"
"s2lam038_190621",426,307.207275493158,"am",19,6,21,"2019-6-21","Oak/Hardwood Forest"
"s2lam038_200522",852,26.841502461514,"am",20,5,22,"2020-5-22","Oak/Hardwood Forest"
"s2lam038_200616",716,89.1611653487463,"am",20,6,16,"2020-6-16","Oak/Hardwood Forest"
"s2lam038_200702",580,87.5169345984525,"am",20,7,2,"2020-7-2","Agriculture/Barren"
"s2lam039_190326",580,133.153512748825,"am",19,3,26,"2019-3-26","Conifer Forest"
"s2lam039_190411",566,20.2234090832501,"am",19,4,11,"2019-4-11","Herbaceous"
"s2lam039_190428",431,422.679741314367,"am",19,4,28,"2019-4-28","Oak/Hardwood Forest"
"s2lam039_190513",1029,81.2489031508589,"am",19,5,13,"2019-5-13","Herbaceous"
"s2lam039_190531",412,526.383564753001,"am",19,5,31,"2019-5-31","Conifer Forest"
"s2lam039_200522",873,392.462839781643,"am",20,5,22,"2020-5-22","Oak/Hardwood Forest"
"s2lam039_200603",987,599.483274636452,"am",20,6,3,"2020-6-3","Oak/Hardwood Forest"
"s2lam040_190315",591,110.424375332083,"am",19,3,15,"2019-3-15","Herbaceous"
"s2lam040_190326",577,86.5892511884235,"am",19,3,26,"2019-3-26","Conifer Forest"
"s2lam040_190407",595,73.0735320305082,"am",19,4,7,"2019-4-7","Herbaceous"
"s2lam040_190416",609,243.962709714335,"am",19,4,16,"2019-4-16","Oak/Hardwood Forest"
"s2lam040_190506",460,319.556353093892,"am",19,5,6,"2019-5-6","Herbaceous"
"s2lam040_190524",1280,376.467276579255,"am",19,5,24,"2019-5-24","Herbaceous"
"s2lam040_200522",872,214.640904708135,"am",20,5,22,"2020-5-22","Conifer Forest"
"s2lam040_200624",409,302.516494872508,"am",20,6,24,"2020-6-24","Conifer Forest"
"s2lam040_200708",571,1342.06545048177,"am",20,7,8,"2020-7-8","Herbaceous"
"s2lam041_190326",580,404.637090130435,"am",19,3,26,"2019-3-26","Conifer Forest"
"s2lam041_190407",596,784.309377202552,"am",19,4,7,"2019-4-7","Herbaceous"
"s2lam041_190416",612,577.295963239434,"am",19,4,16,"2019-4-16","Oak/Hardwood Forest"
"s2lam041_190506",462,125.006692814619,"am",19,5,6,"2019-5-6","Conifer Forest"
"s2lam041_190520",418,66.7476948713578,"am",19,5,20,"2019-5-20","Herbaceous"
"s2lam041_190601",691,82.8550703863094,"am",19,6,1,"2019-6-1","Conifer Forest"
"s2lam041_190617",424,81.0510251121729,"am",19,6,17,"2019-6-17","Conifer Forest"
"s2lam041_190627",442,66.9052532923654,"am",19,6,27,"2019-6-27","Conifer Forest"
"s2lam041_200515",586,17.3637868755162,"am",20,5,15,"2020-5-15","Conifer Forest"
"s2lam041_200622",424,410.860342296732,"am",20,6,22,"2020-6-22","Conifer Forest"
"s2lam041_200707",568,66.7606164376181,"am",20,7,7,"2020-7-7","Oak/Hardwood Forest"
"s2lam042_190329",720,712.057624717887,"am",19,3,29,"2019-3-29","Herbaceous"
"s2lam042_190405",555,534.90473338492,"am",19,4,5,"2019-4-5","Herbaceous"
"s2lam042_190412",579,442.05698188771,"am",19,4,12,"2019-4-12","Riparian/Wetland"
"s2lam042_190422",461,259.225265396832,"am",19,4,22,"2019-4-22","Shrubland"
"s2lam042_190527",752,72.2206877780463,"am",19,5,27,"2019-5-27","Shrubland"
"s2lam042_190611",557,578.963662722087,"am",19,6,11,"2019-6-11","Riparian/Wetland"
"s2lam042_200603",1002,712.092517438697,"am",20,6,3,"2020-6-3","Conifer Forest"
"s2lam043_190315",587,228.046537649925,"am",19,3,15,"2019-3-15","Riparian/Wetland"
"s2lam043_190329",724,115.130682962771,"am",19,3,29,"2019-3-29","Herbaceous"
"s2lam043_190406",582,495.441555382491,"am",19,4,6,"2019-4-6","Shrubland"
"s2lam043_190412",414,75.0108833737818,"am",19,4,12,"2019-4-12","Herbaceous"
"s2lam043_190422",463,61.0231458345228,"am",19,4,22,"2019-4-22","Shrubland"
"s2lam043_190520",426,77.2390046601656,"am",19,5,20,"2019-5-20","Conifer Forest"
"s2lam043_190604",416,200.508954837646,"am",19,6,4,"2019-6-4","Oak/Hardwood Forest"
"s2lam043_190621",459,651.336674102922,"am",19,6,21,"2019-6-21","Conifer Forest"
"s2lam044_190318",435,116.911706418194,"am",19,3,18,"2019-3-18","Herbaceous"
"s2lam044_190401",462,95.1068115945929,"am",19,4,1,"2019-4-1","Oak/Hardwood Forest"
"s2lam044_190419",701,815.01375375271,"am",19,4,19,"2019-4-19","Conifer Forest"
"s2lam044_190506",460,304.315630315886,"am",19,5,6,"2019-5-6","Conifer Forest"
"s2lam044_200603",984,717.464011359459,"am",20,6,3,"2020-6-3","Oak/Hardwood Forest"
"s2lam045_190318",433,70.176165058431,"am",19,3,18,"2019-3-18","Riparian/Wetland"
"s2lam045_190407",47,922.04097035906,"am",19,4,7,"2019-4-7","Herbaceous"
"s2lam045_190416",595,315.857122282077,"am",19,4,16,"2019-4-16","Herbaceous"
"s2lam045_190527",752,58.3425684157048,"am",19,5,27,"2019-5-27","Shrubland"
"s2lam045_190617",460,142.425254025166,"am",19,6,17,"2019-6-17","Oak/Hardwood Forest"
"s2lam045_200605",979,292.03984754746,"am",20,6,5,"2020-6-5","Conifer Forest"
"s2lam046_190318",432,15.879462360306,"am",19,3,18,"2019-3-18","Urban/Developed"
"s2lam046_190329",720,401.719807242558,"am",19,3,29,"2019-3-29","Oak/Hardwood Forest"
"s2lam046_190405",553,391.945052912282,"am",19,4,5,"2019-4-5","Oak/Hardwood Forest"
"s2lam046_190412",579,448.064774211958,"am",19,4,12,"2019-4-12","Riparian/Wetland"
"s2lam046_190422",457,362.584639822625,"am",19,4,22,"2019-4-22","Oak/Hardwood Forest"
"s2lam046_190505",872,514.472821789303,"am",19,5,5,"2019-5-5","Oak/Hardwood Forest"
"s2lam046_190614",576,203.137959456578,"am",19,6,14,"2019-6-14","Herbaceous"
"s2lam046_190621",426,128.00507198311,"am",19,6,21,"2019-6-21","Oak/Hardwood Forest"
"s2lam046_200602",1429,443.589942350988,"am",20,6,2,"2020-6-2","Herbaceous"
"s2lam046_200630",427,61.261792353934,"am",20,6,30,"2020-6-30","Conifer Forest"
"s2lam047_190405",606,468.79790869019,"am",19,4,5,"2019-4-5","Oak/Hardwood Forest"
"s2lam047_190418",293,406.057541128034,"am",19,4,18,"2019-4-18","Oak/Hardwood Forest"
"s2lam047_190506",460,455.400004776701,"am",19,5,6,"2019-5-6","Oak/Hardwood Forest"
"s2lam047_190607",593,154.658265913481,"am",19,6,7,"2019-6-7","Herbaceous"
"s2lam047_190621",431,70.6732920702346,"am",19,6,21,"2019-6-21","Shrubland"
"s2lam047_200603",1184,601.444440707403,"am",20,6,3,"2020-6-3","Oak/Hardwood Forest"
"s2lam048_190329",540,393.391494292389,"am",19,3,29,"2019-3-29","Herbaceous"
"s2lam048_190405",611,573.147522480683,"am",19,4,5,"2019-4-5","Oak/Hardwood Forest"
"s2lam048_190413",743,1327.45361786007,"am",19,4,13,"2019-4-13","Conifer Forest"
"s2lam048_190602",581,92.6100978982686,"am",19,6,2,"2019-6-2","Conifer Forest"
"s2lam048_190612",441,347.323746610302,"am",19,6,12,"2019-6-12","Oak/Hardwood Forest"
"s2lam048_200506",590,463.179163388607,"am",20,5,6,"2020-5-6","Agriculture/Barren"
"s2lam048_200603",989,909.534546829523,"am",20,6,3,"2020-6-3","Oak/Hardwood Forest"
"s2lam048_200622",423,106.87671183525,"am",20,6,22,"2020-6-22","Conifer Forest"
"s2lam049_190329",721,614.906505762617,"am",19,3,29,"2019-3-29","Oak/Hardwood Forest"
"s2lam049_190412",573,340.815682112849,"am",19,4,12,"2019-4-12","Riparian/Wetland"
"s2lam049_190422",462,186.644519661003,"am",19,4,22,"2019-4-22","Shrubland"
"s2lam049_190505",872,707.031843102566,"am",19,5,5,"2019-5-5","Shrubland"
"s2lam049_190522",1014,112.195557998242,"am",19,5,22,"2019-5-22","Herbaceous"
"s2lam049_190607",468,218.846864088848,"am",19,6,7,"2019-6-7","Herbaceous"
"s2lam049_190630",601,42.5450355427093,"am",19,6,30,"2019-6-30","Conifer Forest"
"s2lam050_190329",539,360.844741509585,"am",19,3,29,"2019-3-29","Herbaceous"
"s2lam050_190411",565,18.2605024327106,"am",19,4,11,"2019-4-11","Herbaceous"
"s2lam050_190427",429,183.061325941459,"am",19,4,27,"2019-4-27","Shrubland"
"s2lam051_190329",543,102.904634201281,"am",19,3,29,"2019-3-29","Herbaceous"
"s2lam051_190405",614,516.613069456603,"am",19,4,5,"2019-4-5","Herbaceous"
"s2lam051_190418",282,58.2422600828003,"am",19,4,18,"2019-4-18","Oak/Hardwood Forest"
"s2lam051_190511",575,91.8929353514874,"am",19,5,11,"2019-5-11","Herbaceous"
"s2lam051_190531",403,486.890799062253,"am",19,5,31,"2019-5-31","Shrubland"
"s2lam051_190621",430,3.24190728179839,"am",19,6,21,"2019-6-21","Oak/Hardwood Forest"
"s2lam051_200617",405,68.4597223071275,"am",20,6,17,"2020-6-17","Oak/Hardwood Forest"
"s2lam051_200710",541,1633.11611557525,"am",20,7,10,"2020-7-10","Herbaceous"
"s2lam052_190521",699,338.472739084942,"am",19,5,21,"2019-5-21","Oak/Hardwood Forest"
"s2lam052_190601",426,102.937572668956,"am",19,6,1,"2019-6-1","Oak/Hardwood Forest"
"s2lam052_190612",726,60.8559479107656,"am",19,6,12,"2019-6-12","Urban/Developed"
"s2lam052_190621",434,83.5984889291512,"am",19,6,21,"2019-6-21","Oak/Hardwood Forest"
"s2lam052_200522",856,1096.31822601977,"am",20,5,22,"2020-5-22","Oak/Hardwood Forest"
"s2lam052_200616",695,50.66008650259,"am",20,6,16,"2020-6-16","Oak/Hardwood Forest"
"s2lam052_200702",567,365.404347647399,"am",20,7,2,"2020-7-2","Oak/Hardwood Forest"
"s2lam053_190521",700,260.917495431392,"am",19,5,21,"2019-5-21","Oak/Hardwood Forest"
"s2lam053_190602",555,150.88564835584,"am",19,6,2,"2019-6-2","Oak/Hardwood Forest"
"s2lam053_190610",428,647.960841378828,"am",19,6,10,"2019-6-10","Oak/Hardwood Forest"
"s2lam054_190521",711,475.348050585218,"am",19,5,21,"2019-5-21","Conifer Forest"
"s2lam054_190602",561,136.302853404783,"am",19,6,2,"2019-6-2","Herbaceous"
"s2lam054_190611",428,108.281547374674,"am",19,6,11,"2019-6-11","Oak/Hardwood Forest"
"s2lam054_200506",592,257.755266796704,"am",20,5,6,"2020-5-6","Agriculture/Barren"
"s2lam054_200603",982,835.266356314133,"am",20,6,3,"2020-6-3","Oak/Hardwood Forest"
"s2lam055_190528",422,179.609804145053,"am",19,5,28,"2019-5-28","Conifer Forest"
"s2lam055_190611",459,180.879699607296,"am",19,6,11,"2019-6-11","Conifer Forest"
"s2lam055_190622",848,27.4146528860687,"am",19,6,22,"2019-6-22","Urban/Developed"
"s2lam055_200528",859,1874.08545470607,"am",20,5,28,"2020-5-28","Oak/Hardwood Forest"
"s2lam055_200617",430,40.8080094161785,"am",20,6,17,"2020-6-17","Shrubland"
"s2lam055_200624",405,355.489124754803,"am",20,6,24,"2020-6-24","Conifer Forest"
"s2lam055_200710",568,2463.75554436413,"am",20,7,10,"2020-7-10","Herbaceous"
"s2lam056_190528",423,148.660186418566,"am",19,5,28,"2019-5-28","Conifer Forest"
"s2lam056_190608",828,73.7726732969608,"am",19,6,8,"2019-6-8","Herbaceous"
"s2lam056_190623",432,141.823125563975,"am",19,6,23,"2019-6-23","Conifer Forest"
"s2lam056_200607",880,1419.02164134774,"am",20,6,7,"2020-6-7","Oak/Hardwood Forest"
"s2lam057_190521",716,309.124601310283,"am",19,5,21,"2019-5-21","Oak/Hardwood Forest"
"s2lam057_190601",679,48.8012905252481,"am",19,6,1,"2019-6-1","Conifer Forest"
"s2lam057_190619",405,576.577596279243,"am",19,6,19,"2019-6-19","Oak/Hardwood Forest"
"s2lam057_200710",572,2732.59070532479,"am",20,7,10,"2020-7-10","Conifer Forest"
"s2lam058_190521",712,366.999131772074,"am",19,5,21,"2019-5-21","Oak/Hardwood Forest"
"s2lam058_190601",690,55.3464872261385,"am",19,6,1,"2019-6-1","Conifer Forest"
"s2lam058_190619",425,413.53816666539,"am",19,6,19,"2019-6-19","Oak/Hardwood Forest"
"s2lam058_200607",884,886.695847438767,"am",20,6,7,"2020-6-7","Herbaceous"
"s2lam059_190521",716,575.840888824916,"am",19,5,21,"2019-5-21","Conifer Forest"
"s2lam059_190601",684,45.026575418818,"am",19,6,1,"2019-6-1","Conifer Forest"
"s2lam059_190610",424,934.671917921524,"am",19,6,10,"2019-6-10","Shrubland"
"s2lam059_190623",431,152.032719747229,"am",19,6,23,"2019-6-23","Conifer Forest"
"s2lam059_200607",885,1719.50080459203,"am",20,6,7,"2020-6-7","Herbaceous"
"s2lam060_190528",426,199.439547031323,"am",19,5,28,"2019-5-28","Shrubland"
"s2lam060_190611",426,195.566913854976,"am",19,6,11,"2019-6-11","Riparian/Wetland"
"s2lam060_200507",577,153.747996020592,"am",20,5,7,"2020-5-7","Conifer Forest"
"s2lam060_200603",982,821.038418501985,"am",20,6,3,"2020-6-3","Oak/Hardwood Forest"
"s2lam061_190520",431,188.73013008048,"am",19,5,20,"2019-5-20","Conifer Forest"
"s2lam061_190528",996,146.759600910066,"am",19,5,28,"2019-5-28","Herbaceous"
"s2lam061_190614",522,55.5082310037656,"am",19,6,14,"2019-6-14","Herbaceous"
"s2lam061_200605",1861,212.669111851717,"am",20,6,5,"2020-6-5","Conifer Forest"
"s2lam062_190625",416,625.57105786537,"am",19,6,25,"2019-6-25","Shrubland"
"s2lam062_200606",1707,55.4602770621455,"am",20,6,6,"2020-6-6","Conifer Forest"
"s2lam063_190625",433,181.578430103782,"am",19,6,25,"2019-6-25","Conifer Forest"
"s2lam063_200606",677,63.282506892124,"am",20,6,6,"2020-6-6","Conifer Forest"
"s2lam063_200708",566,1207.66360960035,"am",20,7,8,"2020-7-8","Herbaceous"
"s2lam064_190625",386,136.764308064958,"am",19,6,25,"2019-6-25","Conifer Forest"
"s2lam064_200509",1738,107.295279844166,"am",20,5,9,"2020-5-9","Oak/Hardwood Forest"
"s2lam065_190625",446,47.3754254319563,"am",19,6,25,"2019-6-25","Oak/Hardwood Forest"
"s2lam065_200528",1153,119.280843078093,"am",20,5,28,"2020-5-28","Oak/Hardwood Forest"
"s2lam066_190625",418,381.061823493742,"am",19,6,25,"2019-6-25","Conifer Forest"
"s2lam066_200520",820,330.560197302406,"am",20,5,20,"2020-5-20","Conifer Forest"
"s2lam066_200622",418,111.927544561969,"am",20,6,22,"2020-6-22","Oak/Hardwood Forest"
"s2lam066_200707",567,113.537177187751,"am",20,7,7,"2020-7-7","Conifer Forest"
"s2lam067_190625",417,779.468891731838,"am",19,6,25,"2019-6-25","Conifer Forest"
"s2lam067_200520",815,245.948784129513,"am",20,5,20,"2020-5-20","Conifer Forest"
"s2lam068_190625",431,207.002961635834,"am",19,6,25,"2019-6-25","Conifer Forest"
"s2lam068_200520",809,438.057305407396,"am",20,5,20,"2020-5-20","Conifer Forest"
"s2lam068_200622",420,290.892908399801,"am",20,6,22,"2020-6-22","Conifer Forest"
"s2lam068_200708",568,1417.72934870753,"am",20,7,8,"2020-7-8","Herbaceous"
"s2lam069_190625",378,73.7320589958983,"am",19,6,25,"2019-6-25","Conifer Forest"
"s2lam070_200508",562,161.335739008091,"am",20,5,8,"2020-5-8","Oak/Hardwood Forest"
"s2lam070_200617",402,76.0658303816519,"am",20,6,17,"2020-6-17","Herbaceous"
"s2lam070_200710",537,1729.56496657465,"am",20,7,10,"2020-7-10","Conifer Forest"
"s2lam071_190625",411,939.93231316322,"am",19,6,25,"2019-6-25","Conifer Forest"
"s2lam071_200508",571,85.3051518587239,"am",20,5,8,"2020-5-8","Oak/Hardwood Forest"
"s2lam071_200603",1002,990.847430757118,"am",20,6,3,"2020-6-3","Herbaceous"
"s2lam072_190625",413,1067.7212594981,"am",19,6,25,"2019-6-25","Conifer Forest"
"s2lam073_190625",438,62.8334852987872,"am",19,6,25,"2019-6-25","Conifer Forest"
"s2lam073_200506",559,101.389850773615,"am",20,5,6,"2020-5-6","Conifer Forest"
"s2lam073_200603",990,734.012117702702,"am",20,6,3,"2020-6-3","Oak/Hardwood Forest"
"s2lam074_190625",416,143.731406877026,"am",19,6,25,"2019-6-25","Conifer Forest"
"s2lam074_200507",444,276.23924244915,"am",20,5,7,"2020-5-7","Shrubland"
"s2lam074_200603",1013,243.279853111412,"am",20,6,3,"2020-6-3","Conifer Forest"
"s2lam075_190625",387,218.296095356442,"am",19,6,25,"2019-6-25","Conifer Forest"
"s2lam076_190625",431,68.652795126405,"am",19,6,25,"2019-6-25","Conifer Forest"
"s2lam076_200522",677,121.431527673139,"am",20,5,22,"2020-5-22","Conifer Forest"
"s2lam076_200622",430,602.144077363935,"am",20,6,22,"2020-6-22","Oak/Hardwood Forest"
"s2lam076_200707",341,72.1638611624443,"am",20,7,7,"2020-7-7","Herbaceous"
"s2lam077_190627",566,51.8546026878464,"am",19,6,27,"2019-6-27","Oak/Hardwood Forest"
"s2lam078_200522",708,34.3444864322773,"am",20,5,22,"2020-5-22","Conifer Forest"
"s2lam079_200510",746,651.576833413907,"am",20,5,10,"2020-5-10","Shrubland"
"s2lam081_200512",419,40.4058407810623,"am",20,5,12,"2020-5-12","Herbaceous"
"s2lam081_200622",427,517.693512713315,"am",20,6,22,"2020-6-22","Conifer Forest"
"s2lam081_200707",566,217.162211191307,"am",20,7,7,"2020-7-7","Oak/Hardwood Forest"
"s2lam082_200512",418,155.158697371873,"am",20,5,12,"2020-5-12","Herbaceous"
"s2lam082_200622",429,426.185994206878,"am",20,6,22,"2020-6-22","Conifer Forest"
"s2lam082_200707",563,542.811682044788,"am",20,7,7,"2020-7-7","Oak/Hardwood Forest"
"s2lam083_200512",330,137.591075756768,"am",20,5,12,"2020-5-12","Oak/Hardwood Forest"
"s2lam083_200622",429,607.801744216756,"am",20,6,22,"2020-6-22","Oak/Hardwood Forest"
"s2lam083_200707",562,447.134365601643,"am",20,7,7,"2020-7-7","Herbaceous"
"s2lam084_200710",575,2684.14859885868,"am",20,7,10,"2020-7-10","Conifer Forest"
"s2lam085_200509",2005,400.990771896132,"am",20,5,9,"2020-5-9","Oak/Hardwood Forest"
"s2lam085_200622",426,93.3864189207623,"am",20,6,22,"2020-6-22","Oak/Hardwood Forest"
"s2lam085_200710",224,2448.96056780711,"am",20,7,10,"2020-7-10","Herbaceous"
"s2lam086_200622",425,474.597107858008,"am",20,6,22,"2020-6-22","Conifer Forest"
"s2lam087_200622",428,533.421331490209,"am",20,6,22,"2020-6-22","Oak/Hardwood Forest"
"s2lam088_200610",305,434.323559399745,"am",20,6,10,"2020-6-10","Oak/Hardwood Forest"
"s2lam088_200701",574,121.589747566817,"am",20,7,1,"2020-7-1","Conifer Forest"
"s2lam089_200515",2753,40.3250679103524,"am",20,5,15,"2020-5-15","Conifer Forest"
"s2lam089_200710",558,1441.69364466967,"am",20,7,10,"2020-7-10","Herbaceous"
"s2lam090_200515",2577,70.9504915157563,"am",20,5,15,"2020-5-15","Oak/Hardwood Forest"
"s2lam091_200515",2580,70.6777542067376,"am",20,5,15,"2020-5-15","Conifer Forest"
"s2lam091_200617",416,35.892246393997,"am",20,6,17,"2020-6-17","Oak/Hardwood Forest"
"s2lam091_200624",411,244.57953814215,"am",20,6,24,"2020-6-24","Oak/Hardwood Forest"
"s2lam095_200512",1173,48.9934434449461,"am",20,5,12,"2020-5-12","Conifer Forest"
"s2lam095_200622",431,174.143286483577,"am",20,6,22,"2020-6-22","Conifer Forest"
"s2lam095_200708",564,1522.70407084798,"am",20,7,8,"2020-7-8","Conifer Forest"
"s2lam096_200505",561,10.8714438575517,"am",20,5,5,"2020-5-5","Oak/Hardwood Forest"
"s2lam096_200603",313,277.222891162827,"am",20,6,3,"2020-6-3","Shrubland"
"s2lam097_200511",739,144.10499302958,"am",20,5,11,"2020-5-11","Conifer Forest"
"s2lam098_200506",676,432.928198406709,"am",20,5,6,"2020-5-6","Oak/Hardwood Forest"
"s2lam098_200603",995,138.67473847298,"am",20,6,3,"2020-6-3","Oak/Hardwood Forest"
"s2lam099_200506",674,441.571325264043,"am",20,5,6,"2020-5-6","Oak/Hardwood Forest"
"s2lam099_200603",986,782.699747060451,"am",20,6,3,"2020-6-3","Shrubland"
"s2lam099_200622",420,129.961823135771,"am",20,6,22,"2020-6-22","Conifer Forest"
"s2lam099_200708",556,1188.22096738904,"am",20,7,8,"2020-7-8","Herbaceous"
"s2lam100_200506",669,215.894798792536,"am",20,5,6,"2020-5-6","Herbaceous"
"s2lam101_200522",853,64.7589134574683,"am",20,5,22,"2020-5-22","Oak/Hardwood Forest"
"s2lam101_200616",693,231.452079914201,"am",20,6,16,"2020-6-16","Herbaceous"
"s2lam101_200702",570,511.678596065283,"am",20,7,2,"2020-7-2","Oak/Hardwood Forest"
"s2lam103_200522",841,37.3307201963833,"am",20,5,22,"2020-5-22","Oak/Hardwood Forest"
"s2lam103_200616",709,247.458254474298,"am",20,6,16,"2020-6-16","Oak/Hardwood Forest"
"s2lam103_200630",425,42.0193980707942,"am",20,6,30,"2020-6-30","Shrubland"
"s2lam104_200528",869,1612.29940056891,"am",20,5,28,"2020-5-28","Oak/Hardwood Forest"
"s2lam104_200624",415,213.587949686126,"am",20,6,24,"2020-6-24","Conifer Forest"
"s2lam104_200708",566,1053.15973245151,"am",20,7,8,"2020-7-8","Herbaceous"
"s2lam105_200528",869,1831.09629811558,"am",20,5,28,"2020-5-28","Oak/Hardwood Forest"
"s2lam105_200622",427,440.548531510023,"am",20,6,22,"2020-6-22","Oak/Hardwood Forest"
"s2lam105_200707",185,87.2223786593328,"am",20,7,7,"2020-7-7","Oak/Hardwood Forest"
"s2lam106_200522",877,411.207760038887,"am",20,5,22,"2020-5-22","Oak/Hardwood Forest"
"s2lam106_200710",564,2229.59247524615,"am",20,7,10,"2020-7-10","Conifer Forest"
"s2lam107_200522",854,366.199060473425,"am",20,5,22,"2020-5-22","Conifer Forest"
"s2lam107_200528",866,2241.44371632289,"am",20,5,28,"2020-5-28","Oak/Hardwood Forest"
"s2lam107_200708",570,1395.18250866951,"am",20,7,8,"2020-7-8","Herbaceous"
"s2lam108_200519",451,42.8077382127167,"am",20,5,19,"2020-5-19","Oak/Hardwood Forest"
"s2lam108_200622",428,183.033762924931,"am",20,6,22,"2020-6-22","Conifer Forest"
"s2lam108_200707",566,316.904840559379,"am",20,7,7,"2020-7-7","Oak/Hardwood Forest"
"s2lam109_200522",855,861.852796599368,"am",20,5,22,"2020-5-22","Oak/Hardwood Forest"
"s2lam109_200616",704,270.058062475045,"am",20,6,16,"2020-6-16","Oak/Hardwood Forest"
"s2lam109_200630",422,87.3967336629129,"am",20,6,30,"2020-6-30","Conifer Forest"
"s2lam110_200522",855,936.994335099176,"am",20,5,22,"2020-5-22","Oak/Hardwood Forest"
"s2lam110_200624",407,273.552584085413,"am",20,6,24,"2020-6-24","Conifer Forest"
"s2lam111_200501",456,74.3349980241235,"am",20,5,1,"2020-5-1","Urban/Developed"
"s2lam111_200506",561,60.0147031910112,"am",20,5,6,"2020-5-6","Urban/Developed"
"s2lam111_200514",719,73.7476799766049,"am",20,5,14,"2020-5-14","Urban/Developed"
"s2lam112_200623",305,63.8186559615378,"am",20,6,23,"2020-6-23","Conifer Forest"
"s2lam112_200710",574,2518.66870582443,"am",20,7,10,"2020-7-10","Oak/Hardwood Forest"
"s2lam113_200708",559,1236.41352116635,"am",20,7,8,"2020-7-8","Conifer Forest"
"s2lam114_200624",305,328.305631197935,"am",20,6,24,"2020-6-24","Conifer Forest"
"s2lam114_200710",561,1692.15800899022,"am",20,7,10,"2020-7-10","Oak/Hardwood Forest"
"s2lam115_200708",574,1329.83093223609,"am",20,7,8,"2020-7-8","Conifer Forest"
"s2llg001_170401",685,49.8761257020906,"lg",17,4,1,"2017-4-1","Agriculture/Barren"
"s2llg001_170414",696,707.749778140511,"lg",17,4,14,"2017-4-14","Oak/Hardwood Forest"
"s2llg001_170422",409,91.1290953861839,"lg",17,4,22,"2017-4-22","Oak/Hardwood Forest"
"s2llg001_170430",544,214.161068082297,"lg",17,4,30,"2017-4-30","Conifer Forest"
"s2llg001_170506",399,375.81344478583,"lg",17,5,6,"2017-5-6","Herbaceous"
"s2llg001_170509",719,545.554717417442,"lg",17,5,9,"2017-5-9","Oak/Hardwood Forest"
"s2llg001_170516",410,174.905151813265,"lg",17,5,16,"2017-5-16","Oak/Hardwood Forest"
"s2llg001_170520",411,127.68879590541,"lg",17,5,20,"2017-5-20","Oak/Hardwood Forest"
"s2llg001_170527",460,390.239544552149,"lg",17,5,27,"2017-5-27","Oak/Hardwood Forest"
"s2llg001_170613",576,65.1739223088622,"lg",17,6,13,"2017-6-13","Oak/Hardwood Forest"
"s2llg001_170620",431,69.1672703881094,"lg",17,6,20,"2017-6-20","Oak/Hardwood Forest"
"s2llg001_170701",592,724.546404949234,"lg",17,7,1,"2017-7-1","Conifer Forest"
"s2llg001_170708",2701,1366.46417958529,"lg",17,7,8,"2017-7-8","Conifer Forest"
"s2llg001_180330",565,906.690919687156,"lg",18,3,30,"2018-3-30","Oak/Hardwood Forest"
"s2llg001_180414",566,1354.55574520925,"lg",18,4,14,"2018-4-14","Conifer Forest"
"s2llg001_180425",558,493.194820222801,"lg",18,4,25,"2018-4-25","Riparian/Wetland"
"s2llg001_180502",998,404.697717488397,"lg",18,5,2,"2018-5-2","Oak/Hardwood Forest"
"s2llg001_180523",1143,132.973986121425,"lg",18,5,23,"2018-5-23","Shrubland"
"s2llg001_190414",544,450.464209912792,"lg",19,4,14,"2019-4-14","Oak/Hardwood Forest"
"s2llg002_170404",432,453.3215499109,"lg",17,4,4,"2017-4-4","Conifer Forest"
"s2llg002_170415",459,392.745665042773,"lg",17,4,15,"2017-4-15","Conifer Forest"
"s2llg002_170422",435,190.325810534147,"lg",17,4,22,"2017-4-22","Shrubland"
"s2llg002_170430",353,110.622576385009,"lg",17,4,30,"2017-4-30","Conifer Forest"
"s2llg002_170506",415,401.74129275572,"lg",17,5,6,"2017-5-6","Oak/Hardwood Forest"
"s2llg002_170516",571,461.960019748876,"lg",17,5,16,"2017-5-16","Oak/Hardwood Forest"
"s2llg002_170520",415,455.169036844647,"lg",17,5,20,"2017-5-20","Oak/Hardwood Forest"
"s2llg002_170527",463,396.319441083938,"lg",17,5,27,"2017-5-27","Oak/Hardwood Forest"
"s2llg002_170606",572,367.793647328948,"lg",17,6,6,"2017-6-6","Oak/Hardwood Forest"
"s2llg002_170620",434,27.0865703329947,"lg",17,6,20,"2017-6-20","Oak/Hardwood Forest"
"s2llg002_170627",1582,1366.46417958529,"lg",17,6,27,"2017-6-27","Conifer Forest"
"s2llg002_180425",553,639.061775134741,"lg",18,4,25,"2018-4-25","Riparian/Wetland"
"s2llg002_180502",1000,221.935904952708,"lg",18,5,2,"2018-5-2","Conifer Forest"
"s2llg002_190414",566,396.557656320581,"lg",19,4,14,"2019-4-14","Oak/Hardwood Forest"
"s2llg003_170404",431,602.904444202225,"lg",17,4,4,"2017-4-4","Conifer Forest"
"s2llg003_170408",420,43.451580087376,"lg",17,4,8,"2017-4-8","Agriculture/Barren"
"s2llg003_170415",458,233.088982534449,"lg",17,4,15,"2017-4-15","Oak/Hardwood Forest"
"s2llg003_170418",398,477.662934609423,"lg",17,4,18,"2017-4-18","Conifer Forest"
"s2llg003_170422",410,417.789649921899,"lg",17,4,22,"2017-4-22","Shrubland"
"s2llg003_170430",562,398.695993901475,"lg",17,4,30,"2017-4-30","Oak/Hardwood Forest"
"s2llg003_170527",442,30.480324403316,"lg",17,5,27,"2017-5-27","Oak/Hardwood Forest"
"s2llg003_170613",399,415.907163589552,"lg",17,6,13,"2017-6-13","Oak/Hardwood Forest"
"s2llg003_170627",563,504.271662906794,"lg",17,6,27,"2017-6-27","Conifer Forest"
"s2llg003_170705",426,39.5034818435792,"lg",17,7,5,"2017-7-5","Oak/Hardwood Forest"
"s2llg003_170711",575,132.886562815839,"lg",17,7,11,"2017-7-11","Oak/Hardwood Forest"
"s2llg003_180116",604,52.6607148655315,"lg",18,1,16,"2018-1-16","Oak/Hardwood Forest"
"s2llg003_180331",560,852.534180381282,"lg",18,3,31,"2018-3-31","Herbaceous"
"s2llg003_180414",552,978.903537872817,"lg",18,4,14,"2018-4-14","Herbaceous"
"s2llg003_180502",1000,392.36143664919,"lg",18,5,2,"2018-5-2","Oak/Hardwood Forest"
"s2llg003_180519",724,282.240781240251,"lg",18,5,19,"2018-5-19","Oak/Hardwood Forest"
"s2llg003_180526",714,217.669583304243,"lg",18,5,26,"2018-5-26","Herbaceous"
"s2llg003_180624",875,256.400611877687,"lg",18,6,24,"2018-6-24","Conifer Forest"
"s2llg003_190503",2990,503.449215033199,"lg",19,5,3,"2019-5-3","Conifer Forest"
"s2llg003_190530",574,24.3929534114034,"lg",19,5,30,"2019-5-30","Oak/Hardwood Forest"
"s2llg004_170401",704,973.661338309983,"lg",17,4,1,"2017-4-1","Herbaceous"
"s2llg004_170414",583,763.942891000041,"lg",17,4,14,"2017-4-14","Oak/Hardwood Forest"
"s2llg004_170418",886,512.617180119496,"lg",17,4,18,"2017-4-18","Oak/Hardwood Forest"
"s2llg004_170506",399,819.143303727867,"lg",17,5,6,"2017-5-6","Conifer Forest"
"s2llg004_170516",542,819.143303727867,"lg",17,5,16,"2017-5-16","Conifer Forest"
"s2llg004_170520",422,1.3863365209485,"lg",17,5,20,"2017-5-20","Oak/Hardwood Forest"
"s2llg004_170527",468,211.492223084531,"lg",17,5,27,"2017-5-27","Herbaceous"
"s2llg004_170606",570,438.243637563168,"lg",17,6,6,"2017-6-6","Conifer Forest"
"s2llg004_170613",417,82.9418267615995,"lg",17,6,13,"2017-6-13","Conifer Forest"
"s2llg004_170616",606,69.1672703881094,"lg",17,6,16,"2017-6-16","Oak/Hardwood Forest"
"s2llg004_170627",561,273.221969904797,"lg",17,6,27,"2017-6-27","Shrubland"
"s2llg004_170705",421,829.751736893667,"lg",17,7,5,"2017-7-5","Oak/Hardwood Forest"
"s2llg004_170804",2731,953.023427723056,"lg",17,8,4,"2017-8-4","Oak/Hardwood Forest"
"s2llg004_171210",988,35.9258692083732,"lg",17,12,10,"2017-12-10","Urban/Developed"
"s2llg004_180126",1725,77.4022396195605,"lg",18,1,26,"2018-1-26","Herbaceous"
"s2llg004_180414",560,799.756577378626,"lg",18,4,14,"2018-4-14","Herbaceous"
"s2llg004_180425",556,532.310894394245,"lg",18,4,25,"2018-4-25","Riparian/Wetland"
"s2llg004_180502",1001,78.6881734934539,"lg",18,5,2,"2018-5-2","Oak/Hardwood Forest"
"s2llg004_180523",1224,245.061352519488,"lg",18,5,23,"2018-5-23","Oak/Hardwood Forest"
"s2llg004_190414",571,289.434854247337,"lg",19,4,14,"2019-4-14","Herbaceous"
"s2llg004_190503",697,271.6641861099,"lg",19,5,3,"2019-5-3","Shrubland"
"s2llg004_190530",573,833.240014962571,"lg",19,5,30,"2019-5-30","Oak/Hardwood Forest"
"s2llg005_170401",705,1096.21593828704,"lg",17,4,1,"2017-4-1","Oak/Hardwood Forest"
"s2llg005_170408",414,129.699676858271,"lg",17,4,8,"2017-4-8","Conifer Forest"
"s2llg005_170415",473,637.774748515572,"lg",17,4,15,"2017-4-15","Herbaceous"
"s2llg005_170422",433,110.169159420993,"lg",17,4,22,"2017-4-22","Conifer Forest"
"s2llg005_170430",2305,112.452595588678,"lg",17,4,30,"2017-4-30","Conifer Forest"
"s2llg005_170527",466,104.20755193033,"lg",17,5,27,"2017-5-27","Oak/Hardwood Forest"
"s2llg005_170627",520,80.6918975506487,"lg",17,6,27,"2017-6-27","Oak/Hardwood Forest"
"s2llg005_170705",426,989.565269059711,"lg",17,7,5,"2017-7-5","Herbaceous"
"s2llg005_170811",415,26.5159989061306,"lg",17,8,11,"2017-8-11","Urban/Developed"
"s2llg005_180331",551,509.410760720826,"lg",18,3,31,"2018-3-31","Oak/Hardwood Forest"
"s2llg005_180414",568,1083.54604734173,"lg",18,4,14,"2018-4-14","Oak/Hardwood Forest"
"s2llg005_180425",563,123.402306352649,"lg",18,4,25,"2018-4-25","Herbaceous"
"s2llg005_180502",1000,395.053028772284,"lg",18,5,2,"2018-5-2","Oak/Hardwood Forest"
"s2llg005_180517",546,173.149938056541,"lg",18,5,17,"2018-5-17","Oak/Hardwood Forest"
"s2llg005_180522",441,58.6527716857018,"lg",18,5,22,"2018-5-22","Herbaceous"
"s2llg005_180624",870,510.501208647126,"lg",18,6,24,"2018-6-24","Conifer Forest"
"s2llg005_190414",569,404.014574631784,"lg",19,4,14,"2019-4-14","Oak/Hardwood Forest"
"s2llg005_190503",699,136.667027875706,"lg",19,5,3,"2019-5-3","Oak/Hardwood Forest"
"s2llg005_190521",425,1099.12641233599,"lg",19,5,21,"2019-5-21","Oak/Hardwood Forest"
"s2llg005_190530",572,986.938113403034,"lg",19,5,30,"2019-5-30","Herbaceous"
"s2llg006_170404",435,443.820936664436,"lg",17,4,4,"2017-4-4","Conifer Forest"
"s2llg006_170415",445,522.8934053715,"lg",17,4,15,"2017-4-15","Oak/Hardwood Forest"
"s2llg006_170422",405,271.354848819681,"lg",17,4,22,"2017-4-22","Conifer Forest"
"s2llg006_170430",562,450.011306051393,"lg",17,4,30,"2017-4-30","Oak/Hardwood Forest"
"s2llg006_170506",417,344.244600823158,"lg",17,5,6,"2017-5-6","Herbaceous"
"s2llg006_170516",569,257.403587778798,"lg",17,5,16,"2017-5-16","Conifer Forest"
"s2llg006_170527",460,400.410930702441,"lg",17,5,27,"2017-5-27","Oak/Hardwood Forest"
"s2llg006_170613",577,36.5075946990995,"lg",17,6,13,"2017-6-13","Oak/Hardwood Forest"
"s2llg006_170708",2882,939.662305399289,"lg",17,7,8,"2017-7-8","Oak/Hardwood Forest"
"s2llg006_180331",429,657.941007342273,"lg",18,3,31,"2018-3-31","Oak/Hardwood Forest"
"s2llg006_180414",580,97.0926736001279,"lg",18,4,14,"2018-4-14","Conifer Forest"
"s2llg006_180425",551,498.393900230651,"lg",18,4,25,"2018-4-25","Riparian/Wetland"
"s2llg006_180502",1002,827.689656362261,"lg",18,5,2,"2018-5-2","Oak/Hardwood Forest"
"s2llg006_180519",721,232.867618203233,"lg",18,5,19,"2018-5-19","Oak/Hardwood Forest"
"s2llg006_180526",213,822.575780522221,"lg",18,5,26,"2018-5-26","Shrubland"
"s2llg006_180624",864,79.9304411220784,"lg",18,6,24,"2018-6-24","Oak/Hardwood Forest"
"s2llg006_190414",566,401.540790755122,"lg",19,4,14,"2019-4-14","Oak/Hardwood Forest"
"s2llg006_190521",419,802.060855507342,"lg",19,5,21,"2019-5-21","Herbaceous"
"s2llg006_190530",572,67.3749038570774,"lg",19,5,30,"2019-5-30","Oak/Hardwood Forest"
"s2llg007_170401",709,80.4323634742831,"lg",17,4,1,"2017-4-1","Conifer Forest"
"s2llg007_170414",583,591.930205817103,"lg",17,4,14,"2017-4-14","Shrubland"
"s2llg007_170418",426,584.188528598858,"lg",17,4,18,"2017-4-18","Conifer Forest"
"s2llg007_170422",413,564.968644385424,"lg",17,4,22,"2017-4-22","Oak/Hardwood Forest"
"s2llg007_170430",561,287.86623205737,"lg",17,4,30,"2017-4-30","Herbaceous"
"s2llg007_170506",418,242.34066091557,"lg",17,5,6,"2017-5-6","Oak/Hardwood Forest"
"s2llg007_170516",569,478.989684183771,"lg",17,5,16,"2017-5-16","Oak/Hardwood Forest"
"s2llg007_170520",409,521.72093078314,"lg",17,5,20,"2017-5-20","Oak/Hardwood Forest"
"s2llg007_170527",442,10.4465104674609,"lg",17,5,27,"2017-5-27","Oak/Hardwood Forest"
"s2llg007_170606",880,309.004829054748,"lg",17,6,6,"2017-6-6","Herbaceous"
"s2llg007_170613",581,38.5920224308655,"lg",17,6,13,"2017-6-13","Oak/Hardwood Forest"
"s2llg007_170627",552,939.662305399289,"lg",17,6,27,"2017-6-27","Oak/Hardwood Forest"
"s2llg007_170718",582,212.398259621962,"lg",17,7,18,"2017-7-18","Agriculture/Barren"
"s2llg007_170728",2717,1366.46417958529,"lg",17,7,28,"2017-7-28","Conifer Forest"
"s2llg007_180330",707,394.957224050094,"lg",18,3,30,"2018-3-30","Oak/Hardwood Forest"
"s2llg007_180414",565,60.823554214253,"lg",18,4,14,"2018-4-14","Oak/Hardwood Forest"
"s2llg007_180425",562,385.958945753686,"lg",18,4,25,"2018-4-25","Riparian/Wetland"
"s2llg007_180502",1003,990.808852643992,"lg",18,5,2,"2018-5-2","Herbaceous"
"s2llg007_180524",688,23.0687868658496,"lg",18,5,24,"2018-5-24","Oak/Hardwood Forest"
"s2llg007_180614",858,609.14207999441,"lg",18,6,14,"2018-6-14","Oak/Hardwood Forest"
"s2llg007_190521",425,418.099785361014,"lg",19,5,21,"2019-5-21","Oak/Hardwood Forest"
"s2llg007_190619",420,86.4281097736383,"lg",19,6,19,"2019-6-19","Conifer Forest"
"s2llg008_170401",701,1350.70379911419,"lg",17,4,1,"2017-4-1","Conifer Forest"
"s2llg008_170415",470,664.837583534656,"lg",17,4,15,"2017-4-15","Oak/Hardwood Forest"
"s2llg008_170422",417,709.317641496468,"lg",17,4,22,"2017-4-22","Shrubland"
"s2llg008_170506",416,240.057323118463,"lg",17,5,6,"2017-5-6","Herbaceous"
"s2llg008_170516",547,59.7935276541347,"lg",17,5,16,"2017-5-16","Herbaceous"
"s2llg008_170520",425,14.5810017172853,"lg",17,5,20,"2017-5-20","Oak/Hardwood Forest"
"s2llg008_170527",459,343.814103070727,"lg",17,5,27,"2017-5-27","Oak/Hardwood Forest"
"s2llg008_170606",566,481.799294334599,"lg",17,6,6,"2017-6-6","Oak/Hardwood Forest"
"s2llg008_170616",593,27.0865703329947,"lg",17,6,16,"2017-6-16","Oak/Hardwood Forest"
"s2llg008_170627",564,255.363758956013,"lg",17,6,27,"2017-6-27","Conifer Forest"
"s2llg008_170705",426,888.116115390127,"lg",17,7,5,"2017-7-5","Oak/Hardwood Forest"
"s2llg008_170711",575,100.396415145705,"lg",17,7,11,"2017-7-11","Oak/Hardwood Forest"
"s2llg008_170804",1039,1072.93094454199,"lg",17,8,4,"2017-8-4","Oak/Hardwood Forest"
"s2llg008_180330",714,332.939738908021,"lg",18,3,30,"2018-3-30","Oak/Hardwood Forest"
"s2llg008_180414",552,123.247355613805,"lg",18,4,14,"2018-4-14","Conifer Forest"
"s2llg008_180425",564,342.118454783379,"lg",18,4,25,"2018-4-25","Oak/Hardwood Forest"
"s2llg008_180502",1001,880.107013376498,"lg",18,5,2,"2018-5-2","Oak/Hardwood Forest"
"s2llg008_180524",690,99.2336195072296,"lg",18,5,24,"2018-5-24","Conifer Forest"
"s2llg008_180614",878,467.908065356229,"lg",18,6,14,"2018-6-14","Conifer Forest"
"s2llg008_190414",569,37.9814716149658,"lg",19,4,14,"2019-4-14","Oak/Hardwood Forest"
"s2llg008_190503",701,205.748489316237,"lg",19,5,3,"2019-5-3","Oak/Hardwood Forest"
"s2llg008_190521",431,975.069502740131,"lg",19,5,21,"2019-5-21","Herbaceous"
"s2llg008_190530",571,884.656432836722,"lg",19,5,30,"2019-5-30","Oak/Hardwood Forest"
"s2llg009_170415",452,800.853627646006,"lg",17,4,15,"2017-4-15","Herbaceous"
"s2llg009_170418",401,479.620775886905,"lg",17,4,18,"2017-4-18","Oak/Hardwood Forest"
"s2llg009_170422",398,390.275266248918,"lg",17,4,22,"2017-4-22","Oak/Hardwood Forest"
"s2llg009_170430",566,396.377378604627,"lg",17,4,30,"2017-4-30","Oak/Hardwood Forest"
"s2llg009_170506",417,819.143303727867,"lg",17,5,6,"2017-5-6","Conifer Forest"
"s2llg009_170509",577,54.502530900033,"lg",17,5,9,"2017-5-9","Oak/Hardwood Forest"
"s2llg009_170516",568,650.035151262653,"lg",17,5,16,"2017-5-16","Herbaceous"
"s2llg009_170520",409,14.8141874786364,"lg",17,5,20,"2017-5-20","Oak/Hardwood Forest"
"s2llg009_170606",567,486.311972613264,"lg",17,6,6,"2017-6-6","Herbaceous"
"s2llg009_170613",1997,1366.46417958529,"lg",17,6,13,"2017-6-13","Conifer Forest"
"s2llg009_170630",566,257.162191157083,"lg",17,6,30,"2017-6-30","Oak/Hardwood Forest"
"s2llg009_170705",425,777.019613382637,"lg",17,7,5,"2017-7-5","Shrubland"
"s2llg009_170711",561,66.9451428094308,"lg",17,7,11,"2017-7-11","Herbaceous"
"s2llg009_170718",576,122.4604591427,"lg",17,7,18,"2017-7-18","Agriculture/Barren"
"s2llg009_180409",369,302.501113440264,"lg",18,4,9,"2018-4-9","Oak/Hardwood Forest"
"s2llg009_180414",561,50.8042146006597,"lg",18,4,14,"2018-4-14","Conifer Forest"
"s2llg009_180502",1005,780.90309345547,"lg",18,5,2,"2018-5-2","Shrubland"
"s2llg009_180519",721,124.386410586678,"lg",18,5,19,"2018-5-19","Oak/Hardwood Forest"
"s2llg009_180526",717,501.98911734727,"lg",18,5,26,"2018-5-26","Oak/Hardwood Forest"
"s2llg009_180624",865,140.123017658503,"lg",18,6,24,"2018-6-24","Oak/Hardwood Forest"
"s2llg009_190414",571,84.7922189391492,"lg",19,4,14,"2019-4-14","Conifer Forest"
"s2llg009_190503",709,257.899485447847,"lg",19,5,3,"2019-5-3","Conifer Forest"
"s2llg009_190521",425,211.148234291131,"lg",19,5,21,"2019-5-21","Conifer Forest"
"s2llg009_190530",575,775.452228737941,"lg",19,5,30,"2019-5-30","Shrubland"
"s2llg010_170404",434,270.993107897053,"lg",17,4,4,"2017-4-4","Conifer Forest"
"s2llg010_170408",420,231.497252957998,"lg",17,4,8,"2017-4-8","Conifer Forest"
"s2llg010_170415",459,325.711384845206,"lg",17,4,15,"2017-4-15","Oak/Hardwood Forest"
"s2llg010_170418",401,301.490708004781,"lg",17,4,18,"2017-4-18","Herbaceous"
"s2llg010_170422",411,242.357734579127,"lg",17,4,22,"2017-4-22","Shrubland"
"s2llg010_170430",561,413.32133487529,"lg",17,4,30,"2017-4-30","Oak/Hardwood Forest"
"s2llg010_170506",404,315.917315471376,"lg",17,5,6,"2017-5-6","Shrubland"
"s2llg010_170509",573,715.170238588528,"lg",17,5,9,"2017-5-9","Oak/Hardwood Forest"
"s2llg010_170516",548,305.209357618666,"lg",17,5,16,"2017-5-16","Conifer Forest"
"s2llg010_170527",456,200.252372913877,"lg",17,5,27,"2017-5-27","Oak/Hardwood Forest"
"s2llg010_170616",1591,939.662305399289,"lg",17,6,16,"2017-6-16","Oak/Hardwood Forest"
"s2llg010_170630",580,423.014841692037,"lg",17,6,30,"2017-6-30","Oak/Hardwood Forest"
"s2llg010_170705",441,588.944979793207,"lg",17,7,5,"2017-7-5","Oak/Hardwood Forest"
"s2llg010_170711",573,69.9719308481422,"lg",17,7,11,"2017-7-11","Oak/Hardwood Forest"
"s2llg010_180502",1006,590.296798932057,"lg",18,5,2,"2018-5-2","Oak/Hardwood Forest"
"s2llg010_180624",871,274.53242098678,"lg",18,6,24,"2018-6-24","Shrubland"
"s2llg010_190530",576,591.134839939977,"lg",19,5,30,"2019-5-30","Oak/Hardwood Forest"
"s2llg010_190619",416,716.8012991758,"lg",19,6,19,"2019-6-19","Conifer Forest"
